,game_id,season,game_type,week,gameday,weekday,gametime,away_team,away_score,home_team,home_score,result,total,total_line,temp,stadium
4515,2016_01_CAR_DEN,2016,REG,1,2016-09-08,Thursday,20:30,CAR,20.0,DEN,21.0,1.0,41.0,40.5,85.0,Sports Authority Field at Mile High
4516,2016_01_TB_ATL,2016,REG,1,2016-09-11,Sunday,13:00,TB,31.0,ATL,24.0,-7.0,55.0,46.5,,Georgia Dome
4517,2016_01_BUF_BAL,2016,REG,1,2016-09-11,Sunday,13:00,BUF,7.0,BAL,13.0,6.0,20.0,44.5,84.0,M&T Bank Stadium
4518,2016_01_CHI_HOU,2016,REG,1,2016-09-11,Sunday,13:00,CHI,14.0,HOU,23.0,9.0,37.0,43.0,,NRG Stadium
4519,2016_01_GB_JAX,2016,REG,1,2016-09-11,Sunday,13:00,GB,27.0,JAX,23.0,-4.0,50.0,47.0,90.0,EverBank Field
4520,2016_01_SD_KC,2016,REG,1,2016-09-11,Sunday,13:00,SD,27.0,KC,33.0,6.0,60.0,45.5,74.0,Arrowhead Stadium
4521,2016_01_OAK_NO,2016,REG,1,2016-09-11,Sunday,13:00,OAK,35.0,NO,34.0,-1.0,69.0,50.0,,Mercedes-Benz Superdome
4522,2016_01_CIN_NYJ,2016,REG,1,2016-09-11,Sunday,13:00,CIN,23.0,NYJ,22.0,-1.0,45.0,42.0,79.0,MetLife Stadium
4523,2016_01_CLE_PHI,2016,REG,1,2016-09-11,Sunday,13:00,CLE,10.0,PHI,29.0,19.0,39.0,41.0,85.0,Lincoln Financial Field
4524,2016_01_MIN_TEN,2016,REG,1,2016-09-11,Sunday,13:00,MIN,25.0,TEN,16.0,-9.0,41.0,40.0,76.0,Nissan Stadium
4525,2016_01_MIA_SEA,2016,REG,1,2016-09-11,Sunday,16:05,MIA,10.0,SEA,12.0,2.0,22.0,43.5,61.0,CenturyLink Field
4526,2016_01_NYG_DAL,2016,REG,1,2016-09-11,Sunday,16:25,NYG,20.0,DAL,19.0,-1.0,39.0,47.5,,AT&T Stadium
4527,2016_01_DET_IND,2016,REG,1,2016-09-11,Sunday,16:25,DET,39.0,IND,35.0,-4.0,74.0,51.5,,Lucas Oil Stadium
4528,2016_01_NE_ARI,2016,REG,1,2016-09-11,Sunday,20:30,NE,23.0,ARI,21.0,-2.0,44.0,44.5,,University of Phoenix Stadium
4529,2016_01_PIT_WAS,2016,REG,1,2016-09-12,Monday,19:10,PIT,38.0,WAS,16.0,-22.0,54.0,49.0,79.0,FedExField
4530,2016_01_LA_SF,2016,REG,1,2016-09-12,Monday,22:20,LA,0.0,SF,28.0,28.0,28.0,44.0,66.0,Levi's Stadium
4531,2016_02_NYJ_BUF,2016,REG,2,2016-09-15,Thursday,20:25,NYJ,37.0,BUF,31.0,-6.0,68.0,40.5,60.0,New Era Field
4532,2016_02_TB_ARI,2016,REG,2,2016-09-18,Sunday,13:00,TB,7.0,ARI,40.0,33.0,47.0,49.5,,University of Phoenix Stadium
4533,2016_02_SF_CAR,2016,REG,2,2016-09-18,Sunday,13:00,SF,27.0,CAR,46.0,19.0,73.0,44.5,82.0,Bank of America Stadium
4534,2016_02_BAL_CLE,2016,REG,2,2016-09-18,Sunday,13:00,BAL,25.0,CLE,20.0,-5.0,45.0,42.0,74.0,FirstEnergy Stadium
4535,2016_02_TEN_DET,2016,REG,2,2016-09-18,Sunday,13:00,TEN,16.0,DET,15.0,-1.0,31.0,48.0,,Ford Field
4536,2016_02_KC_HOU,2016,REG,2,2016-09-18,Sunday,13:00,KC,12.0,HOU,19.0,7.0,31.0,41.5,,NRG Stadium
4537,2016_02_MIA_NE,2016,REG,2,2016-09-18,Sunday,13:00,MIA,24.0,NE,31.0,7.0,55.0,42.0,79.0,Gillette Stadium
4538,2016_02_NO_NYG,2016,REG,2,2016-09-18,Sunday,13:00,NO,13.0,NYG,16.0,3.0,29.0,54.0,80.0,MetLife Stadium
4539,2016_02_CIN_PIT,2016,REG,2,2016-09-18,Sunday,13:00,CIN,16.0,PIT,24.0,8.0,40.0,48.0,72.0,Heinz Field
4540,2016_02_DAL_WAS,2016,REG,2,2016-09-18,Sunday,13:00,DAL,27.0,WAS,23.0,-4.0,50.0,47.0,81.0,FedExField
4541,2016_02_SEA_LA,2016,REG,2,2016-09-18,Sunday,16:05,SEA,3.0,LA,9.0,6.0,12.0,38.0,88.0,Los Angeles Memorial Coliseum
4542,2016_02_IND_DEN,2016,REG,2,2016-09-18,Sunday,16:25,IND,20.0,DEN,34.0,14.0,54.0,47.0,85.0,Sports Authority Field at Mile High
4543,2016_02_ATL_OAK,2016,REG,2,2016-09-18,Sunday,16:25,ATL,35.0,OAK,28.0,-7.0,63.0,47.5,79.0,Oakland-Alameda County Coliseum
4544,2016_02_JAX_SD,2016,REG,2,2016-09-18,Sunday,16:25,JAX,14.0,SD,38.0,24.0,52.0,47.5,82.0,Qualcomm Stadium
4545,2016_02_GB_MIN,2016,REG,2,2016-09-18,Sunday,20:30,GB,14.0,MIN,17.0,3.0,31.0,43.0,,U.S. Bank Stadium
4546,2016_02_PHI_CHI,2016,REG,2,2016-09-19,Monday,20:30,PHI,29.0,CHI,14.0,-15.0,43.0,42.5,84.0,Soldier Field
4547,2016_03_HOU_NE,2016,REG,3,2016-09-22,Thursday,20:25,HOU,0.0,NE,27.0,27.0,27.0,38.5,68.0,Gillette Stadium
4548,2016_03_ARI_BUF,2016,REG,3,2016-09-25,Sunday,13:00,ARI,18.0,BUF,33.0,15.0,51.0,48.0,64.0,New Era Field
4549,2016_03_MIN_CAR,2016,REG,3,2016-09-25,Sunday,13:00,MIN,22.0,CAR,10.0,-12.0,32.0,43.0,80.0,Bank of America Stadium
4550,2016_03_DEN_CIN,2016,REG,3,2016-09-25,Sunday,13:00,DEN,29.0,CIN,17.0,-12.0,46.0,42.0,81.0,Paul Brown Stadium
4551,2016_03_DET_GB,2016,REG,3,2016-09-25,Sunday,13:00,DET,27.0,GB,34.0,7.0,61.0,47.5,72.0,Lambeau Field
4552,2016_03_BAL_JAX,2016,REG,3,2016-09-25,Sunday,13:00,BAL,19.0,JAX,17.0,-2.0,36.0,45.0,88.0,EverBank Field
4553,2016_03_CLE_MIA,2016,REG,3,2016-09-25,Sunday,13:00,CLE,24.0,MIA,30.0,6.0,54.0,42.0,86.0,Hard Rock Stadium
4554,2016_03_WAS_NYG,2016,REG,3,2016-09-25,Sunday,13:00,WAS,29.0,NYG,27.0,-2.0,56.0,47.0,67.0,MetLife Stadium
4555,2016_03_OAK_TEN,2016,REG,3,2016-09-25,Sunday,13:00,OAK,17.0,TEN,10.0,-7.0,27.0,47.0,89.0,Nissan Stadium
4556,2016_03_SF_SEA,2016,REG,3,2016-09-25,Sunday,16:05,SF,18.0,SEA,37.0,19.0,55.0,42.0,66.0,CenturyLink Field
4557,2016_03_LA_TB,2016,REG,3,2016-09-25,Sunday,16:05,LA,37.0,TB,32.0,-5.0,69.0,40.5,91.0,Raymond James Stadium
4558,2016_03_SD_IND,2016,REG,3,2016-09-25,Sunday,16:25,SD,22.0,IND,26.0,4.0,48.0,51.5,,Lucas Oil Stadium
4559,2016_03_NYJ_KC,2016,REG,3,2016-09-25,Sunday,16:25,NYJ,3.0,KC,24.0,21.0,27.0,44.5,65.0,Arrowhead Stadium
4560,2016_03_PIT_PHI,2016,REG,3,2016-09-25,Sunday,16:25,PIT,3.0,PHI,34.0,31.0,37.0,46.5,73.0,Lincoln Financial Field
4561,2016_03_CHI_DAL,2016,REG,3,2016-09-25,Sunday,20:30,CHI,17.0,DAL,31.0,14.0,48.0,45.0,,AT&T Stadium
4562,2016_03_ATL_NO,2016,REG,3,2016-09-26,Monday,20:30,ATL,45.0,NO,32.0,-13.0,77.0,54.0,,Mercedes-Benz Superdome
4563,2016_04_MIA_CIN,2016,REG,4,2016-09-29,Thursday,20:25,MIA,7.0,CIN,22.0,15.0,29.0,46.0,62.0,Paul Brown Stadium
4564,2016_04_IND_JAX,2016,REG,4,2016-10-02,Sunday,09:30,IND,27.0,JAX,30.0,3.0,57.0,48.0,59.0,Wembley Stadium
4565,2016_04_CAR_ATL,2016,REG,4,2016-10-02,Sunday,13:00,CAR,33.0,ATL,48.0,15.0,81.0,48.5,,Georgia Dome
4566,2016_04_OAK_BAL,2016,REG,4,2016-10-02,Sunday,13:00,OAK,28.0,BAL,27.0,-1.0,55.0,45.0,65.0,M&T Bank Stadium
4567,2016_04_DET_CHI,2016,REG,4,2016-10-02,Sunday,13:00,DET,14.0,CHI,17.0,3.0,31.0,48.0,62.0,Soldier Field
4568,2016_04_TEN_HOU,2016,REG,4,2016-10-02,Sunday,13:00,TEN,20.0,HOU,27.0,7.0,47.0,40.0,,NRG Stadium
4569,2016_04_BUF_NE,2016,REG,4,2016-10-02,Sunday,13:00,BUF,16.0,NE,0.0,-16.0,16.0,41.0,56.0,Gillette Stadium
4570,2016_04_SEA_NYJ,2016,REG,4,2016-10-02,Sunday,13:00,SEA,27.0,NYJ,17.0,-10.0,44.0,40.0,61.0,MetLife Stadium
4571,2016_04_CLE_WAS,2016,REG,4,2016-10-02,Sunday,13:00,CLE,20.0,WAS,31.0,11.0,51.0,48.0,67.0,FedExField
4572,2016_04_DEN_TB,2016,REG,4,2016-10-02,Sunday,16:05,DEN,27.0,TB,7.0,-20.0,34.0,43.0,88.0,Raymond James Stadium
4573,2016_04_LA_ARI,2016,REG,4,2016-10-02,Sunday,16:25,LA,17.0,ARI,13.0,-4.0,30.0,43.5,,University of Phoenix Stadium
4574,2016_04_NO_SD,2016,REG,4,2016-10-02,Sunday,16:25,NO,35.0,SD,34.0,-1.0,69.0,54.0,74.0,Qualcomm Stadium
4575,2016_04_DAL_SF,2016,REG,4,2016-10-02,Sunday,16:25,DAL,24.0,SF,17.0,-7.0,41.0,44.0,68.0,Levi's Stadium
4576,2016_04_KC_PIT,2016,REG,4,2016-10-02,Sunday,20:30,KC,14.0,PIT,43.0,29.0,57.0,48.0,59.0,Heinz Field
4577,2016_04_NYG_MIN,2016,REG,4,2016-10-03,Monday,20:30,NYG,10.0,MIN,24.0,14.0,34.0,42.5,,U.S. Bank Stadium
4578,2016_05_ARI_SF,2016,REG,5,2016-10-06,Thursday,20:25,ARI,33.0,SF,21.0,-12.0,54.0,42.5,75.0,Levi's Stadium
4579,2016_05_WAS_BAL,2016,REG,5,2016-10-09,Sunday,13:00,WAS,16.0,BAL,10.0,-6.0,26.0,44.5,62.0,M&T Bank Stadium
4580,2016_05_NE_CLE,2016,REG,5,2016-10-09,Sunday,13:00,NE,33.0,CLE,13.0,-20.0,46.0,47.5,58.0,FirstEnergy Stadium
4581,2016_05_PHI_DET,2016,REG,5,2016-10-09,Sunday,13:00,PHI,23.0,DET,24.0,1.0,47.0,46.0,,Ford Field
4582,2016_05_CHI_IND,2016,REG,5,2016-10-09,Sunday,13:00,CHI,23.0,IND,29.0,6.0,52.0,47.5,,Lucas Oil Stadium
4583,2016_05_TEN_MIA,2016,REG,5,2016-10-09,Sunday,13:00,TEN,30.0,MIA,17.0,-13.0,47.0,44.5,88.0,Hard Rock Stadium
4584,2016_05_HOU_MIN,2016,REG,5,2016-10-09,Sunday,13:00,HOU,13.0,MIN,31.0,18.0,44.0,39.0,,U.S. Bank Stadium
4585,2016_05_NYJ_PIT,2016,REG,5,2016-10-09,Sunday,13:00,NYJ,13.0,PIT,31.0,18.0,44.0,50.0,57.0,Heinz Field
4586,2016_05_ATL_DEN,2016,REG,5,2016-10-09,Sunday,16:05,ATL,23.0,DEN,16.0,-7.0,39.0,44.5,72.0,Sports Authority Field at Mile High
4587,2016_05_CIN_DAL,2016,REG,5,2016-10-09,Sunday,16:25,CIN,14.0,DAL,28.0,14.0,42.0,46.0,,AT&T Stadium
4588,2016_05_BUF_LA,2016,REG,5,2016-10-09,Sunday,16:25,BUF,30.0,LA,19.0,-11.0,49.0,41.5,91.0,Los Angeles Memorial Coliseum
4589,2016_05_SD_OAK,2016,REG,5,2016-10-09,Sunday,16:25,SD,31.0,OAK,34.0,3.0,65.0,50.5,75.0,Oakland-Alameda County Coliseum
4590,2016_05_NYG_GB,2016,REG,5,2016-10-09,Sunday,20:30,NYG,16.0,GB,23.0,7.0,39.0,49.0,49.0,Lambeau Field
4591,2016_05_TB_CAR,2016,REG,5,2016-10-10,Monday,20:30,TB,17.0,CAR,14.0,-3.0,31.0,46.5,66.0,Bank of America Stadium
4592,2016_06_DEN_SD,2016,REG,6,2016-10-13,Thursday,20:25,DEN,13.0,SD,21.0,8.0,34.0,44.0,70.0,Qualcomm Stadium
4593,2016_06_SF_BUF,2016,REG,6,2016-10-16,Sunday,13:00,SF,16.0,BUF,45.0,29.0,61.0,44.0,72.0,New Era Field
4594,2016_06_JAX_CHI,2016,REG,6,2016-10-16,Sunday,13:00,JAX,17.0,CHI,16.0,-1.0,33.0,46.0,69.0,Soldier Field
4595,2016_06_LA_DET,2016,REG,6,2016-10-16,Sunday,13:00,LA,28.0,DET,31.0,3.0,59.0,44.0,,Ford Field
4596,2016_06_PIT_MIA,2016,REG,6,2016-10-16,Sunday,13:00,PIT,15.0,MIA,30.0,15.0,45.0,49.5,81.0,Hard Rock Stadium
4597,2016_06_CIN_NE,2016,REG,6,2016-10-16,Sunday,13:00,CIN,17.0,NE,35.0,18.0,52.0,48.5,66.0,Gillette Stadium
4598,2016_06_CAR_NO,2016,REG,6,2016-10-16,Sunday,13:00,CAR,38.0,NO,41.0,3.0,79.0,53.5,,Mercedes-Benz Superdome
4599,2016_06_BAL_NYG,2016,REG,6,2016-10-16,Sunday,13:00,BAL,23.0,NYG,27.0,4.0,50.0,42.5,66.0,MetLife Stadium
4600,2016_06_CLE_TEN,2016,REG,6,2016-10-16,Sunday,13:00,CLE,26.0,TEN,28.0,2.0,54.0,45.0,75.0,Nissan Stadium
4601,2016_06_PHI_WAS,2016,REG,6,2016-10-16,Sunday,13:00,PHI,20.0,WAS,27.0,7.0,47.0,45.0,69.0,FedExField
4602,2016_06_KC_OAK,2016,REG,6,2016-10-16,Sunday,16:05,KC,26.0,OAK,10.0,-16.0,36.0,46.5,61.0,Oakland-Alameda County Coliseum
4603,2016_06_DAL_GB,2016,REG,6,2016-10-16,Sunday,16:25,DAL,30.0,GB,16.0,-14.0,46.0,47.0,69.0,Lambeau Field
4604,2016_06_ATL_SEA,2016,REG,6,2016-10-16,Sunday,16:25,ATL,24.0,SEA,26.0,2.0,50.0,45.5,54.0,CenturyLink Field
4605,2016_06_IND_HOU,2016,REG,6,2016-10-16,Sunday,20:30,IND,23.0,HOU,26.0,3.0,49.0,47.5,,NRG Stadium
4606,2016_06_NYJ_ARI,2016,REG,6,2016-10-17,Monday,20:30,NYJ,3.0,ARI,28.0,25.0,31.0,46.0,,University of Phoenix Stadium
4607,2016_07_CHI_GB,2016,REG,7,2016-10-20,Thursday,20:25,CHI,10.0,GB,26.0,16.0,36.0,46.5,47.0,Lambeau Field
4608,2016_07_NYG_LA,2016,REG,7,2016-10-23,Sunday,09:30,NYG,17.0,LA,10.0,-7.0,27.0,44.5,55.0,Twickenham Stadium
4609,2016_07_CLE_CIN,2016,REG,7,2016-10-23,Sunday,13:00,CLE,17.0,CIN,31.0,14.0,48.0,46.5,65.0,Paul Brown Stadium
4610,2016_07_WAS_DET,2016,REG,7,2016-10-23,Sunday,13:00,WAS,17.0,DET,20.0,3.0,37.0,50.0,,Ford Field
4611,2016_07_OAK_JAX,2016,REG,7,2016-10-23,Sunday,13:00,OAK,33.0,JAX,16.0,-17.0,49.0,47.5,70.0,EverBank Field
4612,2016_07_NO_KC,2016,REG,7,2016-10-23,Sunday,13:00,NO,21.0,KC,27.0,6.0,48.0,51.0,68.0,Arrowhead Stadium
4613,2016_07_BUF_MIA,2016,REG,7,2016-10-23,Sunday,13:00,BUF,25.0,MIA,28.0,3.0,53.0,46.0,81.0,Hard Rock Stadium
4614,2016_07_BAL_NYJ,2016,REG,7,2016-10-23,Sunday,13:00,BAL,16.0,NYJ,24.0,8.0,40.0,40.5,,MetLife Stadium
4615,2016_07_MIN_PHI,2016,REG,7,2016-10-23,Sunday,13:00,MIN,10.0,PHI,21.0,11.0,31.0,39.0,62.0,Lincoln Financial Field
4616,2016_07_IND_TEN,2016,REG,7,2016-10-23,Sunday,13:00,IND,34.0,TEN,26.0,-8.0,60.0,48.5,68.0,Nissan Stadium
4617,2016_07_SD_ATL,2016,REG,7,2016-10-23,Sunday,16:05,SD,33.0,ATL,30.0,-3.0,63.0,52.5,,Georgia Dome
4618,2016_07_TB_SF,2016,REG,7,2016-10-23,Sunday,16:05,TB,34.0,SF,17.0,-17.0,51.0,45.0,68.0,Levi's Stadium
4619,2016_07_NE_PIT,2016,REG,7,2016-10-23,Sunday,16:25,NE,27.0,PIT,16.0,-11.0,43.0,49.0,63.0,Heinz Field
4620,2016_07_SEA_ARI,2016,REG,7,2016-10-23,Sunday,20:30,SEA,6.0,ARI,6.0,0.0,12.0,43.0,,University of Phoenix Stadium
4621,2016_07_HOU_DEN,2016,REG,7,2016-10-24,Monday,20:30,HOU,9.0,DEN,27.0,18.0,36.0,40.0,71.0,Sports Authority Field at Mile High
4622,2016_08_JAX_TEN,2016,REG,8,2016-10-27,Thursday,20:25,JAX,22.0,TEN,36.0,14.0,58.0,43.5,71.0,Nissan Stadium
4623,2016_08_WAS_CIN,2016,REG,8,2016-10-30,Sunday,09:30,WAS,27.0,CIN,27.0,0.0,54.0,49.0,54.0,Wembley Stadium
4624,2016_08_NE_BUF,2016,REG,8,2016-10-30,Sunday,13:00,NE,41.0,BUF,25.0,-16.0,66.0,48.0,49.0,New Era Field
4625,2016_08_ARI_CAR,2016,REG,8,2016-10-30,Sunday,13:00,ARI,20.0,CAR,30.0,10.0,50.0,45.5,85.0,Bank of America Stadium
4626,2016_08_NYJ_CLE,2016,REG,8,2016-10-30,Sunday,13:00,NYJ,31.0,CLE,28.0,-3.0,59.0,45.5,53.0,FirstEnergy Stadium
4627,2016_08_DET_HOU,2016,REG,8,2016-10-30,Sunday,13:00,DET,13.0,HOU,20.0,7.0,33.0,46.5,,NRG Stadium
4628,2016_08_KC_IND,2016,REG,8,2016-10-30,Sunday,13:00,KC,30.0,IND,14.0,-16.0,44.0,50.5,,Lucas Oil Stadium
4629,2016_08_SEA_NO,2016,REG,8,2016-10-30,Sunday,13:00,SEA,20.0,NO,25.0,5.0,45.0,50.0,,Mercedes-Benz Superdome
4630,2016_08_OAK_TB,2016,REG,8,2016-10-30,Sunday,13:00,OAK,30.0,TB,24.0,-6.0,54.0,48.0,86.0,Raymond James Stadium
4631,2016_08_SD_DEN,2016,REG,8,2016-10-30,Sunday,16:05,SD,19.0,DEN,27.0,8.0,46.0,43.0,76.0,Sports Authority Field at Mile High
4632,2016_08_GB_ATL,2016,REG,8,2016-10-30,Sunday,16:25,GB,32.0,ATL,33.0,1.0,65.0,51.0,,Georgia Dome
4633,2016_08_PHI_DAL,2016,REG,8,2016-10-30,Sunday,20:30,PHI,23.0,DAL,29.0,6.0,52.0,44.0,,AT&T Stadium
4634,2016_08_MIN_CHI,2016,REG,8,2016-10-31,Monday,20:30,MIN,10.0,CHI,20.0,10.0,30.0,39.5,58.0,Soldier Field
4635,2016_09_ATL_TB,2016,REG,9,2016-11-03,Thursday,20:25,ATL,43.0,TB,28.0,-15.0,71.0,49.0,76.0,Raymond James Stadium
4636,2016_09_PIT_BAL,2016,REG,9,2016-11-06,Sunday,13:00,PIT,14.0,BAL,21.0,7.0,35.0,46.0,65.0,M&T Bank Stadium
4637,2016_09_DAL_CLE,2016,REG,9,2016-11-06,Sunday,13:00,DAL,35.0,CLE,10.0,-25.0,45.0,49.0,58.0,FirstEnergy Stadium
4638,2016_09_JAX_KC,2016,REG,9,2016-11-06,Sunday,13:00,JAX,14.0,KC,19.0,5.0,33.0,42.5,62.0,Arrowhead Stadium
4639,2016_09_NYJ_MIA,2016,REG,9,2016-11-06,Sunday,13:00,NYJ,23.0,MIA,27.0,4.0,50.0,45.0,80.0,Hard Rock Stadium
4640,2016_09_DET_MIN,2016,REG,9,2016-11-06,Sunday,13:00,DET,22.0,MIN,16.0,-6.0,38.0,42.5,,U.S. Bank Stadium
4641,2016_09_PHI_NYG,2016,REG,9,2016-11-06,Sunday,13:00,PHI,23.0,NYG,28.0,5.0,51.0,42.5,56.0,MetLife Stadium
4642,2016_09_CAR_LA,2016,REG,9,2016-11-06,Sunday,16:05,CAR,13.0,LA,10.0,-3.0,23.0,44.5,75.0,Los Angeles Memorial Coliseum
4643,2016_09_NO_SF,2016,REG,9,2016-11-06,Sunday,16:05,NO,41.0,SF,23.0,-18.0,64.0,53.0,70.0,Levi's Stadium
4644,2016_09_IND_GB,2016,REG,9,2016-11-06,Sunday,16:25,IND,31.0,GB,26.0,-5.0,57.0,52.0,68.0,Lambeau Field
4645,2016_09_TEN_SD,2016,REG,9,2016-11-06,Sunday,16:25,TEN,35.0,SD,43.0,8.0,78.0,47.5,76.0,Qualcomm Stadium
4646,2016_09_DEN_OAK,2016,REG,9,2016-11-06,Sunday,20:30,DEN,20.0,OAK,30.0,10.0,50.0,44.5,65.0,Oakland-Alameda County Coliseum
4647,2016_09_BUF_SEA,2016,REG,9,2016-11-07,Monday,20:30,BUF,25.0,SEA,31.0,6.0,56.0,43.5,61.0,CenturyLink Field
4648,2016_10_CLE_BAL,2016,REG,10,2016-11-10,Thursday,20:25,CLE,7.0,BAL,28.0,21.0,35.0,44.0,54.0,M&T Bank Stadium
4649,2016_10_KC_CAR,2016,REG,10,2016-11-13,Sunday,13:00,KC,20.0,CAR,17.0,-3.0,37.0,44.0,45.0,Bank of America Stadium
4650,2016_10_HOU_JAX,2016,REG,10,2016-11-13,Sunday,13:00,HOU,24.0,JAX,21.0,-3.0,45.0,42.0,69.0,EverBank Field
4651,2016_10_DEN_NO,2016,REG,10,2016-11-13,Sunday,13:00,DEN,25.0,NO,23.0,-2.0,48.0,50.0,,Mercedes-Benz Superdome
4652,2016_10_LA_NYJ,2016,REG,10,2016-11-13,Sunday,13:00,LA,9.0,NYJ,6.0,-3.0,15.0,39.0,62.0,MetLife Stadium
4653,2016_10_ATL_PHI,2016,REG,10,2016-11-13,Sunday,13:00,ATL,15.0,PHI,24.0,9.0,39.0,48.5,58.0,Lincoln Financial Field
4654,2016_10_CHI_TB,2016,REG,10,2016-11-13,Sunday,13:00,CHI,10.0,TB,36.0,26.0,46.0,45.0,81.0,Raymond James Stadium
4655,2016_10_GB_TEN,2016,REG,10,2016-11-13,Sunday,13:00,GB,25.0,TEN,47.0,22.0,72.0,48.5,56.0,Nissan Stadium
4656,2016_10_MIN_WAS,2016,REG,10,2016-11-13,Sunday,13:00,MIN,20.0,WAS,26.0,6.0,46.0,42.0,58.0,FedExField
4657,2016_10_MIA_SD,2016,REG,10,2016-11-13,Sunday,16:05,MIA,31.0,SD,24.0,-7.0,55.0,48.5,85.0,Qualcomm Stadium
4658,2016_10_SF_ARI,2016,REG,10,2016-11-13,Sunday,16:25,SF,20.0,ARI,23.0,3.0,43.0,46.5,,University of Phoenix Stadium
4659,2016_10_DAL_PIT,2016,REG,10,2016-11-13,Sunday,16:25,DAL,35.0,PIT,30.0,-5.0,65.0,50.5,56.0,Heinz Field
4660,2016_10_SEA_NE,2016,REG,10,2016-11-13,Sunday,20:30,SEA,31.0,NE,24.0,-7.0,55.0,49.5,43.0,Gillette Stadium
4661,2016_10_CIN_NYG,2016,REG,10,2016-11-14,Monday,20:30,CIN,20.0,NYG,21.0,1.0,41.0,49.5,56.0,MetLife Stadium
4662,2016_11_NO_CAR,2016,REG,11,2016-11-17,Thursday,20:25,NO,20.0,CAR,23.0,3.0,43.0,52.5,63.0,Bank of America Stadium
4663,2016_11_BUF_CIN,2016,REG,11,2016-11-20,Sunday,13:00,BUF,16.0,CIN,12.0,-4.0,28.0,48.0,36.0,Paul Brown Stadium
4664,2016_11_PIT_CLE,2016,REG,11,2016-11-20,Sunday,13:00,PIT,24.0,CLE,9.0,-15.0,33.0,45.5,36.0,FirstEnergy Stadium
4665,2016_11_BAL_DAL,2016,REG,11,2016-11-20,Sunday,13:00,BAL,17.0,DAL,27.0,10.0,44.0,44.5,,AT&T Stadium
4666,2016_11_JAX_DET,2016,REG,11,2016-11-20,Sunday,13:00,JAX,19.0,DET,26.0,7.0,45.0,47.0,,Ford Field
4667,2016_11_TEN_IND,2016,REG,11,2016-11-20,Sunday,13:00,TEN,17.0,IND,24.0,7.0,41.0,53.5,,Lucas Oil Stadium
4668,2016_11_TB_KC,2016,REG,11,2016-11-20,Sunday,13:00,TB,19.0,KC,17.0,-2.0,36.0,45.0,46.0,Arrowhead Stadium
4669,2016_11_ARI_MIN,2016,REG,11,2016-11-20,Sunday,13:00,ARI,24.0,MIN,30.0,6.0,54.0,39.5,,U.S. Bank Stadium
4670,2016_11_CHI_NYG,2016,REG,11,2016-11-20,Sunday,13:00,CHI,16.0,NYG,22.0,6.0,38.0,41.5,41.0,MetLife Stadium
4671,2016_11_MIA_LA,2016,REG,11,2016-11-20,Sunday,16:05,MIA,14.0,LA,10.0,-4.0,24.0,39.0,63.0,Los Angeles Memorial Coliseum
4672,2016_11_PHI_SEA,2016,REG,11,2016-11-20,Sunday,16:25,PHI,15.0,SEA,26.0,11.0,41.0,43.0,54.0,CenturyLink Field
4673,2016_11_NE_SF,2016,REG,11,2016-11-20,Sunday,16:25,NE,30.0,SF,17.0,-13.0,47.0,51.5,64.0,Levi's Stadium
4674,2016_11_GB_WAS,2016,REG,11,2016-11-20,Sunday,20:30,GB,24.0,WAS,42.0,18.0,66.0,48.5,38.0,FedExField
4675,2016_11_HOU_OAK,2016,REG,11,2016-11-21,Monday,20:30,HOU,20.0,OAK,27.0,7.0,47.0,45.5,63.0,Azteca Stadium
4676,2016_12_MIN_DET,2016,REG,12,2016-11-24,Thursday,12:30,MIN,13.0,DET,16.0,3.0,29.0,42.0,,Ford Field
4677,2016_12_WAS_DAL,2016,REG,12,2016-11-24,Thursday,16:30,WAS,26.0,DAL,31.0,5.0,57.0,53.0,,AT&T Stadium
4678,2016_12_PIT_IND,2016,REG,12,2016-11-24,Thursday,20:30,PIT,28.0,IND,7.0,-21.0,35.0,50.0,,Lucas Oil Stadium
4679,2016_12_ARI_ATL,2016,REG,12,2016-11-27,Sunday,13:00,ARI,19.0,ATL,38.0,19.0,57.0,49.0,,Georgia Dome
4680,2016_12_CIN_BAL,2016,REG,12,2016-11-27,Sunday,13:00,CIN,14.0,BAL,19.0,5.0,33.0,42.0,50.0,M&T Bank Stadium
4681,2016_12_JAX_BUF,2016,REG,12,2016-11-27,Sunday,13:00,JAX,21.0,BUF,28.0,7.0,49.0,43.5,42.0,New Era Field
4682,2016_12_TEN_CHI,2016,REG,12,2016-11-27,Sunday,13:00,TEN,27.0,CHI,21.0,-6.0,48.0,41.5,40.0,Soldier Field
4683,2016_12_NYG_CLE,2016,REG,12,2016-11-27,Sunday,13:00,NYG,27.0,CLE,13.0,-14.0,40.0,47.0,48.0,FirstEnergy Stadium
4684,2016_12_SD_HOU,2016,REG,12,2016-11-27,Sunday,13:00,SD,21.0,HOU,13.0,-8.0,34.0,45.5,,NRG Stadium
4685,2016_12_SF_MIA,2016,REG,12,2016-11-27,Sunday,13:00,SF,24.0,MIA,31.0,7.0,55.0,44.5,79.0,Hard Rock Stadium
4686,2016_12_LA_NO,2016,REG,12,2016-11-27,Sunday,13:00,LA,21.0,NO,49.0,28.0,70.0,46.0,,Mercedes-Benz Superdome
4687,2016_12_SEA_TB,2016,REG,12,2016-11-27,Sunday,16:05,SEA,5.0,TB,14.0,9.0,19.0,46.0,81.0,Raymond James Stadium
4688,2016_12_NE_NYJ,2016,REG,12,2016-11-27,Sunday,16:25,NE,22.0,NYJ,17.0,-5.0,39.0,48.0,47.0,MetLife Stadium
4689,2016_12_CAR_OAK,2016,REG,12,2016-11-27,Sunday,16:25,CAR,32.0,OAK,35.0,3.0,67.0,48.5,59.0,Oakland-Alameda County Coliseum
4690,2016_12_KC_DEN,2016,REG,12,2016-11-27,Sunday,20:30,KC,30.0,DEN,27.0,-3.0,57.0,40.0,44.0,Sports Authority Field at Mile High
4691,2016_12_GB_PHI,2016,REG,12,2016-11-28,Monday,20:30,GB,27.0,PHI,13.0,-14.0,40.0,47.0,47.0,Lincoln Financial Field
4692,2016_13_DAL_MIN,2016,REG,13,2016-12-01,Thursday,20:25,DAL,17.0,MIN,15.0,-2.0,32.0,43.5,,U.S. Bank Stadium
4693,2016_13_KC_ATL,2016,REG,13,2016-12-04,Sunday,13:00,KC,29.0,ATL,28.0,-1.0,57.0,50.0,,Georgia Dome
4694,2016_13_MIA_BAL,2016,REG,13,2016-12-04,Sunday,13:00,MIA,6.0,BAL,38.0,32.0,44.0,41.5,47.0,M&T Bank Stadium
4695,2016_13_SF_CHI,2016,REG,13,2016-12-04,Sunday,13:00,SF,6.0,CHI,26.0,20.0,32.0,44.0,33.0,Soldier Field
4696,2016_13_PHI_CIN,2016,REG,13,2016-12-04,Sunday,13:00,PHI,14.0,CIN,32.0,18.0,46.0,42.0,42.0,Paul Brown Stadium
4697,2016_13_HOU_GB,2016,REG,13,2016-12-04,Sunday,13:00,HOU,13.0,GB,21.0,8.0,34.0,44.5,32.0,Lambeau Field
4698,2016_13_DEN_JAX,2016,REG,13,2016-12-04,Sunday,13:00,DEN,20.0,JAX,10.0,-10.0,30.0,39.0,70.0,EverBank Field
4699,2016_13_LA_NE,2016,REG,13,2016-12-04,Sunday,13:00,LA,10.0,NE,26.0,16.0,36.0,44.5,39.0,Gillette Stadium
4700,2016_13_DET_NO,2016,REG,13,2016-12-04,Sunday,13:00,DET,28.0,NO,13.0,-15.0,41.0,53.0,,Mercedes-Benz Superdome
4701,2016_13_BUF_OAK,2016,REG,13,2016-12-04,Sunday,16:05,BUF,24.0,OAK,38.0,14.0,62.0,48.5,59.0,Oakland-Alameda County Coliseum
4702,2016_13_WAS_ARI,2016,REG,13,2016-12-04,Sunday,16:25,WAS,23.0,ARI,31.0,8.0,54.0,48.5,,University of Phoenix Stadium
4703,2016_13_NYG_PIT,2016,REG,13,2016-12-04,Sunday,16:25,NYG,14.0,PIT,24.0,10.0,38.0,49.5,43.0,Heinz Field
4704,2016_13_TB_SD,2016,REG,13,2016-12-04,Sunday,16:25,TB,28.0,SD,21.0,-7.0,49.0,49.0,72.0,Qualcomm Stadium
4705,2016_13_CAR_SEA,2016,REG,13,2016-12-04,Sunday,20:30,CAR,7.0,SEA,40.0,33.0,47.0,44.0,37.0,CenturyLink Field
4706,2016_13_IND_NYJ,2016,REG,13,2016-12-05,Monday,20:30,IND,41.0,NYJ,10.0,-31.0,51.0,48.5,45.0,MetLife Stadium
4707,2016_14_OAK_KC,2016,REG,14,2016-12-08,Thursday,20:25,OAK,13.0,KC,21.0,8.0,34.0,46.0,21.0,Arrowhead Stadium
4708,2016_14_PIT_BUF,2016,REG,14,2016-12-11,Sunday,13:00,PIT,27.0,BUF,20.0,-7.0,47.0,45.5,27.0,New Era Field
4709,2016_14_SD_CAR,2016,REG,14,2016-12-11,Sunday,13:00,SD,16.0,CAR,28.0,12.0,44.0,48.5,37.0,Bank of America Stadium
4710,2016_14_CIN_CLE,2016,REG,14,2016-12-11,Sunday,13:00,CIN,23.0,CLE,10.0,-13.0,33.0,42.0,28.0,FirstEnergy Stadium
4711,2016_14_CHI_DET,2016,REG,14,2016-12-11,Sunday,13:00,CHI,17.0,DET,20.0,3.0,37.0,42.0,,Ford Field
4712,2016_14_HOU_IND,2016,REG,14,2016-12-11,Sunday,13:00,HOU,22.0,IND,17.0,-5.0,39.0,47.5,,Lucas Oil Stadium
4713,2016_14_MIN_JAX,2016,REG,14,2016-12-11,Sunday,13:00,MIN,25.0,JAX,16.0,-9.0,41.0,38.0,71.0,EverBank Field
4714,2016_14_ARI_MIA,2016,REG,14,2016-12-11,Sunday,13:00,ARI,23.0,MIA,26.0,3.0,49.0,44.0,77.0,Hard Rock Stadium
4715,2016_14_WAS_PHI,2016,REG,14,2016-12-11,Sunday,13:00,WAS,27.0,PHI,22.0,-5.0,49.0,48.5,35.0,Lincoln Financial Field
4716,2016_14_DEN_TEN,2016,REG,14,2016-12-11,Sunday,13:00,DEN,10.0,TEN,13.0,3.0,23.0,44.0,50.0,Nissan Stadium
4717,2016_14_NYJ_SF,2016,REG,14,2016-12-11,Sunday,16:05,NYJ,23.0,SF,17.0,-6.0,40.0,42.5,54.0,Levi's Stadium
4718,2016_14_SEA_GB,2016,REG,14,2016-12-11,Sunday,16:25,SEA,10.0,GB,38.0,28.0,48.0,47.0,26.0,Lambeau Field
4719,2016_14_ATL_LA,2016,REG,14,2016-12-11,Sunday,16:25,ATL,42.0,LA,14.0,-28.0,56.0,44.0,65.0,Los Angeles Memorial Coliseum
4720,2016_14_NO_TB,2016,REG,14,2016-12-11,Sunday,16:25,NO,11.0,TB,16.0,5.0,27.0,52.0,79.0,Raymond James Stadium
4721,2016_14_DAL_NYG,2016,REG,14,2016-12-11,Sunday,20:30,DAL,7.0,NYG,10.0,3.0,17.0,47.0,32.0,MetLife Stadium
4722,2016_14_BAL_NE,2016,REG,14,2016-12-12,Monday,20:30,BAL,23.0,NE,30.0,7.0,53.0,45.5,31.0,Gillette Stadium
4723,2016_15_LA_SEA,2016,REG,15,2016-12-15,Thursday,20:25,LA,3.0,SEA,24.0,21.0,27.0,39.5,36.0,CenturyLink Field
4724,2016_15_MIA_NYJ,2016,REG,15,2016-12-17,Saturday,20:25,MIA,34.0,NYJ,13.0,-21.0,47.0,40.0,35.0,MetLife Stadium
4725,2016_15_PHI_BAL,2016,REG,15,2016-12-18,Sunday,13:00,PHI,26.0,BAL,27.0,1.0,53.0,41.0,62.0,M&T Bank Stadium
4726,2016_15_CLE_BUF,2016,REG,15,2016-12-18,Sunday,13:00,CLE,13.0,BUF,33.0,20.0,46.0,43.5,26.0,New Era Field
4727,2016_15_GB_CHI,2016,REG,15,2016-12-18,Sunday,13:00,GB,30.0,CHI,27.0,-3.0,57.0,40.0,11.0,Soldier Field
4728,2016_15_PIT_CIN,2016,REG,15,2016-12-18,Sunday,13:00,PIT,24.0,CIN,20.0,-4.0,44.0,45.5,24.0,Paul Brown Stadium
4729,2016_15_JAX_HOU,2016,REG,15,2016-12-18,Sunday,13:00,JAX,20.0,HOU,21.0,1.0,41.0,39.5,,NRG Stadium
4730,2016_15_TEN_KC,2016,REG,15,2016-12-18,Sunday,13:00,TEN,19.0,KC,17.0,-2.0,36.0,43.0,1.0,Arrowhead Stadium
4731,2016_15_IND_MIN,2016,REG,15,2016-12-18,Sunday,13:00,IND,34.0,MIN,6.0,-28.0,40.0,44.5,,U.S. Bank Stadium
4732,2016_15_DET_NYG,2016,REG,15,2016-12-18,Sunday,13:00,DET,6.0,NYG,17.0,11.0,23.0,42.5,55.0,MetLife Stadium
4733,2016_15_NO_ARI,2016,REG,15,2016-12-18,Sunday,16:05,NO,48.0,ARI,41.0,-7.0,89.0,48.5,,University of Phoenix Stadium
4734,2016_15_SF_ATL,2016,REG,15,2016-12-18,Sunday,16:05,SF,13.0,ATL,41.0,28.0,54.0,51.5,,Georgia Dome
4735,2016_15_NE_DEN,2016,REG,15,2016-12-18,Sunday,16:25,NE,16.0,DEN,3.0,-13.0,19.0,43.5,18.0,Sports Authority Field at Mile High
4736,2016_15_OAK_SD,2016,REG,15,2016-12-18,Sunday,16:25,OAK,19.0,SD,16.0,-3.0,35.0,49.5,62.0,Qualcomm Stadium
4737,2016_15_TB_DAL,2016,REG,15,2016-12-18,Sunday,20:30,TB,20.0,DAL,26.0,6.0,46.0,47.5,,AT&T Stadium
4738,2016_15_CAR_WAS,2016,REG,15,2016-12-19,Monday,20:30,CAR,26.0,WAS,15.0,-11.0,41.0,50.5,32.0,FedExField
4739,2016_16_NYG_PHI,2016,REG,16,2016-12-22,Thursday,20:25,NYG,19.0,PHI,24.0,5.0,43.0,42.5,40.0,Lincoln Financial Field
4740,2016_16_MIA_BUF,2016,REG,16,2016-12-24,Saturday,13:00,MIA,34.0,BUF,31.0,-3.0,65.0,44.5,38.0,New Era Field
4741,2016_16_ATL_CAR,2016,REG,16,2016-12-24,Saturday,13:00,ATL,33.0,CAR,16.0,-17.0,49.0,48.5,56.0,Bank of America Stadium
4742,2016_16_WAS_CHI,2016,REG,16,2016-12-24,Saturday,13:00,WAS,41.0,CHI,21.0,-20.0,62.0,49.0,37.0,Soldier Field
4743,2016_16_SD_CLE,2016,REG,16,2016-12-24,Saturday,13:00,SD,17.0,CLE,20.0,3.0,37.0,45.0,38.0,FirstEnergy Stadium
4744,2016_16_MIN_GB,2016,REG,16,2016-12-24,Saturday,13:00,MIN,25.0,GB,38.0,13.0,63.0,44.5,37.0,Lambeau Field
4745,2016_16_TEN_JAX,2016,REG,16,2016-12-24,Saturday,13:00,TEN,17.0,JAX,38.0,21.0,55.0,44.0,67.0,EverBank Field
4746,2016_16_NYJ_NE,2016,REG,16,2016-12-24,Saturday,13:00,NYJ,3.0,NE,41.0,38.0,44.0,45.0,40.0,Gillette Stadium
4747,2016_16_IND_OAK,2016,REG,16,2016-12-24,Saturday,16:05,IND,25.0,OAK,33.0,8.0,58.0,52.0,50.0,Oakland-Alameda County Coliseum
4748,2016_16_SF_LA,2016,REG,16,2016-12-24,Saturday,16:25,SF,22.0,LA,21.0,-1.0,43.0,39.5,59.0,Los Angeles Memorial Coliseum
4749,2016_16_TB_NO,2016,REG,16,2016-12-24,Saturday,16:25,TB,24.0,NO,31.0,7.0,55.0,53.0,,Mercedes-Benz Superdome
4750,2016_16_ARI_SEA,2016,REG,16,2016-12-24,Saturday,16:25,ARI,34.0,SEA,31.0,-3.0,65.0,43.5,39.0,CenturyLink Field
4751,2016_16_CIN_HOU,2016,REG,16,2016-12-24,Saturday,20:25,CIN,10.0,HOU,12.0,2.0,22.0,41.5,,NRG Stadium
4752,2016_16_BAL_PIT,2016,REG,16,2016-12-25,Sunday,16:30,BAL,27.0,PIT,31.0,4.0,58.0,46.5,41.0,Heinz Field
4753,2016_16_DEN_KC,2016,REG,16,2016-12-25,Sunday,20:30,DEN,10.0,KC,33.0,23.0,43.0,38.5,53.0,Arrowhead Stadium
4754,2016_16_DET_DAL,2016,REG,16,2016-12-26,Monday,20:30,DET,21.0,DAL,42.0,21.0,63.0,47.0,,AT&T Stadium
4755,2016_17_BAL_CIN,2016,REG,17,2017-01-01,Sunday,13:00,BAL,10.0,CIN,27.0,17.0,37.0,40.5,40.0,Paul Brown Stadium
4756,2016_17_JAX_IND,2016,REG,17,2017-01-01,Sunday,13:00,JAX,20.0,IND,24.0,4.0,44.0,48.5,,Lucas Oil Stadium
4757,2016_17_NE_MIA,2016,REG,17,2017-01-01,Sunday,13:00,NE,35.0,MIA,14.0,-21.0,49.0,47.0,80.0,Hard Rock Stadium
4758,2016_17_CHI_MIN,2016,REG,17,2017-01-01,Sunday,13:00,CHI,10.0,MIN,38.0,28.0,48.0,44.0,,U.S. Bank Stadium
4759,2016_17_BUF_NYJ,2016,REG,17,2017-01-01,Sunday,13:00,BUF,10.0,NYJ,30.0,20.0,40.0,43.0,42.0,MetLife Stadium
4760,2016_17_DAL_PHI,2016,REG,17,2017-01-01,Sunday,13:00,DAL,13.0,PHI,27.0,14.0,40.0,44.0,50.0,Lincoln Financial Field
4761,2016_17_CLE_PIT,2016,REG,17,2017-01-01,Sunday,13:00,CLE,24.0,PIT,27.0,3.0,51.0,41.5,41.0,Heinz Field
4762,2016_17_CAR_TB,2016,REG,17,2017-01-01,Sunday,13:00,CAR,16.0,TB,17.0,1.0,33.0,44.5,81.0,Raymond James Stadium
4763,2016_17_HOU_TEN,2016,REG,17,2017-01-01,Sunday,13:00,HOU,17.0,TEN,24.0,7.0,41.0,41.5,52.0,Nissan Stadium
4764,2016_17_NO_ATL,2016,REG,17,2017-01-01,Sunday,16:25,NO,32.0,ATL,38.0,6.0,70.0,58.5,,Georgia Dome
4765,2016_17_OAK_DEN,2016,REG,17,2017-01-01,Sunday,16:25,OAK,6.0,DEN,24.0,18.0,30.0,40.0,45.0,Sports Authority Field at Mile High
4766,2016_17_ARI_LA,2016,REG,17,2017-01-01,Sunday,16:25,ARI,44.0,LA,6.0,-38.0,50.0,39.0,59.0,Los Angeles Memorial Coliseum
4767,2016_17_KC_SD,2016,REG,17,2017-01-01,Sunday,16:25,KC,37.0,SD,27.0,-10.0,64.0,45.0,59.0,Qualcomm Stadium
4768,2016_17_SEA_SF,2016,REG,17,2017-01-01,Sunday,16:25,SEA,25.0,SF,23.0,-2.0,48.0,44.5,54.0,Levi's Stadium
4769,2016_17_NYG_WAS,2016,REG,17,2017-01-01,Sunday,16:25,NYG,19.0,WAS,10.0,-9.0,29.0,47.5,53.0,FedExField
4770,2016_17_GB_DET,2016,REG,17,2017-01-01,Sunday,20:30,GB,31.0,DET,24.0,-7.0,55.0,50.0,,Ford Field
4771,2016_18_OAK_HOU,2016,WC,18,2017-01-07,Saturday,16:35,OAK,14.0,HOU,27.0,13.0,41.0,37.5,,NRG Stadium
4772,2016_18_DET_SEA,2016,WC,18,2017-01-07,Saturday,20:15,DET,6.0,SEA,26.0,20.0,32.0,45.5,38.0,CenturyLink Field
4773,2016_18_MIA_PIT,2016,WC,18,2017-01-08,Sunday,13:05,MIA,12.0,PIT,30.0,18.0,42.0,47.5,17.0,Heinz Field
4774,2016_18_NYG_GB,2016,WC,18,2017-01-08,Sunday,16:40,NYG,13.0,GB,38.0,25.0,51.0,46.5,14.0,Lambeau Field
4775,2016_19_SEA_ATL,2016,DIV,19,2017-01-14,Saturday,16:35,SEA,20.0,ATL,36.0,16.0,56.0,51.0,,Georgia Dome
4776,2016_19_HOU_NE,2016,DIV,19,2017-01-14,Saturday,20:15,HOU,16.0,NE,34.0,18.0,50.0,44.0,28.0,Gillette Stadium
4777,2016_19_GB_DAL,2016,DIV,19,2017-01-15,Sunday,16:40,GB,34.0,DAL,31.0,-3.0,65.0,52.5,,AT&T Stadium
4778,2016_19_PIT_KC,2016,DIV,19,2017-01-15,Sunday,20:20,PIT,18.0,KC,16.0,-2.0,34.0,45.5,33.0,Arrowhead Stadium
4779,2016_20_GB_ATL,2016,CON,20,2017-01-22,Sunday,15:05,GB,21.0,ATL,44.0,23.0,65.0,59.5,,Georgia Dome
4780,2016_20_PIT_NE,2016,CON,20,2017-01-22,Sunday,18:40,PIT,17.0,NE,36.0,19.0,53.0,49.5,41.0,Gillette Stadium
4781,2016_21_NE_ATL,2016,SB,21,2017-02-05,Sunday,18:30,NE,34.0,ATL,28.0,-6.0,62.0,57.0,,NRG Stadium
4782,2017_01_KC_NE,2017,REG,1,2017-09-07,Thursday,20:30,KC,42.0,NE,27.0,-15.0,69.0,47.5,63.0,Gillette Stadium
4783,2017_01_NYJ_BUF,2017,REG,1,2017-09-10,Sunday,13:00,NYJ,12.0,BUF,21.0,9.0,33.0,42.0,65.0,New Era Field
4784,2017_01_ATL_CHI,2017,REG,1,2017-09-10,Sunday,13:00,ATL,23.0,CHI,17.0,-6.0,40.0,48.0,64.0,Soldier Field
4785,2017_01_BAL_CIN,2017,REG,1,2017-09-10,Sunday,13:00,BAL,20.0,CIN,0.0,-20.0,20.0,41.5,68.0,Paul Brown Stadium
4786,2017_01_PIT_CLE,2017,REG,1,2017-09-10,Sunday,13:00,PIT,21.0,CLE,18.0,-3.0,39.0,47.0,63.0,FirstEnergy Stadium
4787,2017_01_ARI_DET,2017,REG,1,2017-09-10,Sunday,13:00,ARI,23.0,DET,35.0,12.0,58.0,48.5,,Ford Field
4788,2017_01_JAX_HOU,2017,REG,1,2017-09-10,Sunday,13:00,JAX,29.0,HOU,7.0,-22.0,36.0,38.0,,NRG Stadium
4789,2017_01_OAK_TEN,2017,REG,1,2017-09-10,Sunday,13:00,OAK,26.0,TEN,16.0,-10.0,42.0,49.5,72.0,Nissan Stadium
4790,2017_01_PHI_WAS,2017,REG,1,2017-09-10,Sunday,13:00,PHI,30.0,WAS,17.0,-13.0,47.0,49.5,67.0,FedExField
4791,2017_01_IND_LA,2017,REG,1,2017-09-10,Sunday,16:05,IND,9.0,LA,46.0,37.0,55.0,41.5,90.0,Los Angeles Memorial Coliseum
4792,2017_01_SEA_GB,2017,REG,1,2017-09-10,Sunday,16:25,SEA,9.0,GB,17.0,8.0,26.0,49.5,71.0,Lambeau Field
4793,2017_01_CAR_SF,2017,REG,1,2017-09-10,Sunday,16:25,CAR,23.0,SF,3.0,-20.0,26.0,45.5,87.0,Levi's Stadium
4794,2017_01_NYG_DAL,2017,REG,1,2017-09-10,Sunday,20:30,NYG,3.0,DAL,19.0,16.0,22.0,46.5,,AT&T Stadium
4795,2017_01_NO_MIN,2017,REG,1,2017-09-11,Monday,19:10,NO,19.0,MIN,29.0,10.0,48.0,47.5,,U.S. Bank Stadium
4796,2017_01_LAC_DEN,2017,REG,1,2017-09-11,Monday,22:20,LAC,21.0,DEN,24.0,3.0,45.0,41.5,73.0,Sports Authority Field at Mile High
4797,2017_02_HOU_CIN,2017,REG,2,2017-09-14,Thursday,20:25,HOU,13.0,CIN,9.0,-4.0,22.0,38.0,69.0,Paul Brown Stadium
4798,2017_02_CLE_BAL,2017,REG,2,2017-09-17,Sunday,13:00,CLE,10.0,BAL,24.0,14.0,34.0,39.5,80.0,M&T Bank Stadium
4799,2017_02_BUF_CAR,2017,REG,2,2017-09-17,Sunday,13:00,BUF,3.0,CAR,9.0,6.0,12.0,43.0,83.0,Bank of America Stadium
4800,2017_02_ARI_IND,2017,REG,2,2017-09-17,Sunday,13:00,ARI,16.0,IND,13.0,-3.0,29.0,44.0,,Lucas Oil Stadium
4801,2017_02_TEN_JAX,2017,REG,2,2017-09-17,Sunday,13:00,TEN,37.0,JAX,16.0,-21.0,53.0,42.0,84.0,EverBank Field
4802,2017_02_PHI_KC,2017,REG,2,2017-09-17,Sunday,13:00,PHI,20.0,KC,27.0,7.0,47.0,46.5,68.0,Arrowhead Stadium
4803,2017_02_NE_NO,2017,REG,2,2017-09-17,Sunday,13:00,NE,36.0,NO,20.0,-16.0,56.0,55.0,,Mercedes-Benz Superdome
4804,2017_02_MIN_PIT,2017,REG,2,2017-09-17,Sunday,13:00,MIN,9.0,PIT,26.0,17.0,35.0,43.0,78.0,Heinz Field
4805,2017_02_CHI_TB,2017,REG,2,2017-09-17,Sunday,13:00,CHI,7.0,TB,29.0,22.0,36.0,44.0,88.0,Raymond James Stadium
4806,2017_02_MIA_LAC,2017,REG,2,2017-09-17,Sunday,16:05,MIA,19.0,LAC,17.0,-2.0,36.0,46.5,71.0,StubHub Center
4807,2017_02_NYJ_OAK,2017,REG,2,2017-09-17,Sunday,16:05,NYJ,20.0,OAK,45.0,25.0,65.0,44.0,70.0,Oakland-Alameda County Coliseum
4808,2017_02_DAL_DEN,2017,REG,2,2017-09-17,Sunday,16:25,DAL,17.0,DEN,42.0,25.0,59.0,44.0,72.0,Sports Authority Field at Mile High
4809,2017_02_WAS_LA,2017,REG,2,2017-09-17,Sunday,16:25,WAS,27.0,LA,20.0,-7.0,47.0,45.5,74.0,Los Angeles Memorial Coliseum
4810,2017_02_SF_SEA,2017,REG,2,2017-09-17,Sunday,16:25,SF,9.0,SEA,12.0,3.0,21.0,42.0,65.0,CenturyLink Field
4811,2017_02_GB_ATL,2017,REG,2,2017-09-17,Sunday,20:30,GB,23.0,ATL,34.0,11.0,57.0,55.0,,Mercedes-Benz Stadium
4812,2017_02_DET_NYG,2017,REG,2,2017-09-18,Monday,20:30,DET,24.0,NYG,10.0,-14.0,34.0,42.0,72.0,MetLife Stadium
4813,2017_03_LA_SF,2017,REG,3,2017-09-21,Thursday,20:25,LA,41.0,SF,39.0,-2.0,80.0,40.5,68.0,Levi's Stadium
4814,2017_03_DEN_BUF,2017,REG,3,2017-09-24,Sunday,13:00,DEN,16.0,BUF,26.0,10.0,42.0,40.0,83.0,New Era Field
4815,2017_03_NO_CAR,2017,REG,3,2017-09-24,Sunday,13:00,NO,34.0,CAR,13.0,-21.0,47.0,46.5,82.0,Bank of America Stadium
4816,2017_03_PIT_CHI,2017,REG,3,2017-09-24,Sunday,13:00,PIT,17.0,CHI,23.0,6.0,40.0,43.5,89.0,Soldier Field
4817,2017_03_ATL_DET,2017,REG,3,2017-09-24,Sunday,13:00,ATL,30.0,DET,26.0,-4.0,56.0,51.0,,Ford Field
4818,2017_03_CLE_IND,2017,REG,3,2017-09-24,Sunday,13:00,CLE,28.0,IND,31.0,3.0,59.0,42.0,,Lucas Oil Stadium
4819,2017_03_TB_MIN,2017,REG,3,2017-09-24,Sunday,13:00,TB,17.0,MIN,34.0,17.0,51.0,41.0,,U.S. Bank Stadium
4820,2017_03_HOU_NE,2017,REG,3,2017-09-24,Sunday,13:00,HOU,33.0,NE,36.0,3.0,69.0,44.5,84.0,Gillette Stadium
4821,2017_03_MIA_NYJ,2017,REG,3,2017-09-24,Sunday,13:00,MIA,6.0,NYJ,20.0,14.0,26.0,43.0,88.0,MetLife Stadium
4822,2017_03_NYG_PHI,2017,REG,3,2017-09-24,Sunday,13:00,NYG,24.0,PHI,27.0,3.0,51.0,42.0,89.0,Lincoln Financial Field
4823,2017_03_SEA_TEN,2017,REG,3,2017-09-24,Sunday,16:05,SEA,27.0,TEN,33.0,6.0,60.0,42.0,88.0,Nissan Stadium
4824,2017_03_CIN_GB,2017,REG,3,2017-09-24,Sunday,16:25,CIN,24.0,GB,27.0,3.0,51.0,47.5,89.0,Lambeau Field
4825,2017_03_KC_LAC,2017,REG,3,2017-09-24,Sunday,16:25,KC,24.0,LAC,10.0,-14.0,34.0,47.5,84.0,StubHub Center
4826,2017_03_OAK_WAS,2017,REG,3,2017-09-24,Sunday,20:30,OAK,10.0,WAS,27.0,17.0,37.0,53.0,76.0,FedExField
4827,2017_03_BAL_JAX,2017,REG,3,2017-09-24,Sunday,21:30,BAL,7.0,JAX,44.0,37.0,51.0,38.0,70.0,Wembley Stadium
4828,2017_03_DAL_ARI,2017,REG,3,2017-09-25,Monday,20:30,DAL,28.0,ARI,17.0,-11.0,45.0,46.5,,University of Phoenix Stadium
4829,2017_04_CHI_GB,2017,REG,4,2017-09-28,Thursday,20:25,CHI,14.0,GB,35.0,21.0,49.0,44.0,65.0,Lambeau Field
4830,2017_04_BUF_ATL,2017,REG,4,2017-10-01,Sunday,13:00,BUF,23.0,ATL,17.0,-6.0,40.0,48.0,,Mercedes-Benz Stadium
4831,2017_04_PIT_BAL,2017,REG,4,2017-10-01,Sunday,13:00,PIT,26.0,BAL,9.0,-17.0,35.0,42.0,64.0,M&T Bank Stadium
4832,2017_04_CIN_CLE,2017,REG,4,2017-10-01,Sunday,13:00,CIN,31.0,CLE,7.0,-24.0,38.0,41.5,63.0,FirstEnergy Stadium
4833,2017_04_LA_DAL,2017,REG,4,2017-10-01,Sunday,13:00,LA,35.0,DAL,30.0,-5.0,65.0,51.0,,AT&T Stadium
4834,2017_04_TEN_HOU,2017,REG,4,2017-10-01,Sunday,13:00,TEN,14.0,HOU,57.0,43.0,71.0,43.0,,NRG Stadium
4835,2017_04_DET_MIN,2017,REG,4,2017-10-01,Sunday,13:00,DET,14.0,MIN,7.0,-7.0,21.0,43.0,,U.S. Bank Stadium
4836,2017_04_CAR_NE,2017,REG,4,2017-10-01,Sunday,13:00,CAR,33.0,NE,30.0,-3.0,63.0,48.0,61.0,Gillette Stadium
4837,2017_04_JAX_NYJ,2017,REG,4,2017-10-01,Sunday,13:00,JAX,20.0,NYJ,23.0,3.0,43.0,38.5,64.0,MetLife Stadium
4838,2017_04_SF_ARI,2017,REG,4,2017-10-01,Sunday,16:05,SF,15.0,ARI,18.0,3.0,33.0,43.0,,University of Phoenix Stadium
4839,2017_04_PHI_LAC,2017,REG,4,2017-10-01,Sunday,16:05,PHI,26.0,LAC,24.0,-2.0,50.0,48.0,72.0,StubHub Center
4840,2017_04_NYG_TB,2017,REG,4,2017-10-01,Sunday,16:05,NYG,23.0,TB,25.0,2.0,48.0,46.0,91.0,Raymond James Stadium
4841,2017_04_OAK_DEN,2017,REG,4,2017-10-01,Sunday,16:25,OAK,10.0,DEN,16.0,6.0,26.0,44.0,72.0,Sports Authority Field at Mile High
4842,2017_04_IND_SEA,2017,REG,4,2017-10-01,Sunday,20:30,IND,18.0,SEA,46.0,28.0,64.0,41.5,61.0,CenturyLink Field
4843,2017_04_NO_MIA,2017,REG,4,2017-10-01,Sunday,21:30,NO,20.0,MIA,0.0,-20.0,20.0,51.5,63.0,Wembley Stadium
4844,2017_04_WAS_KC,2017,REG,4,2017-10-02,Monday,20:30,WAS,20.0,KC,29.0,9.0,49.0,48.0,82.0,Arrowhead Stadium
4845,2017_05_NE_TB,2017,REG,5,2017-10-05,Thursday,20:25,NE,19.0,TB,14.0,-5.0,33.0,54.5,76.0,Raymond James Stadium
4846,2017_05_BUF_CIN,2017,REG,5,2017-10-08,Sunday,13:00,BUF,16.0,CIN,20.0,4.0,36.0,39.0,63.0,Paul Brown Stadium
4847,2017_05_NYJ_CLE,2017,REG,5,2017-10-08,Sunday,13:00,NYJ,17.0,CLE,14.0,-3.0,31.0,41.5,67.0,FirstEnergy Stadium
4848,2017_05_CAR_DET,2017,REG,5,2017-10-08,Sunday,13:00,CAR,27.0,DET,24.0,-3.0,51.0,42.0,,Ford Field
4849,2017_05_SF_IND,2017,REG,5,2017-10-08,Sunday,13:00,SF,23.0,IND,26.0,3.0,49.0,43.5,,Lucas Oil Stadium
4850,2017_05_TEN_MIA,2017,REG,5,2017-10-08,Sunday,13:00,TEN,10.0,MIA,16.0,6.0,26.0,41.5,89.0,Hard Rock Stadium
4851,2017_05_LAC_NYG,2017,REG,5,2017-10-08,Sunday,13:00,LAC,27.0,NYG,22.0,-5.0,49.0,45.5,76.0,MetLife Stadium
4852,2017_05_ARI_PHI,2017,REG,5,2017-10-08,Sunday,13:00,ARI,7.0,PHI,34.0,27.0,41.0,45.0,77.0,Lincoln Financial Field
4853,2017_05_JAX_PIT,2017,REG,5,2017-10-08,Sunday,13:00,JAX,30.0,PIT,9.0,-21.0,39.0,41.0,73.0,Heinz Field
4854,2017_05_SEA_LA,2017,REG,5,2017-10-08,Sunday,16:05,SEA,16.0,LA,10.0,-6.0,26.0,46.5,78.0,Los Angeles Memorial Coliseum
4855,2017_05_BAL_OAK,2017,REG,5,2017-10-08,Sunday,16:05,BAL,30.0,OAK,17.0,-13.0,47.0,40.5,72.0,Oakland-Alameda County Coliseum
4856,2017_05_GB_DAL,2017,REG,5,2017-10-08,Sunday,16:25,GB,35.0,DAL,31.0,-4.0,66.0,52.0,,AT&T Stadium
4857,2017_05_KC_HOU,2017,REG,5,2017-10-08,Sunday,20:30,KC,42.0,HOU,34.0,-8.0,76.0,45.0,,NRG Stadium
4858,2017_05_MIN_CHI,2017,REG,5,2017-10-09,Monday,20:30,MIN,20.0,CHI,17.0,-3.0,37.0,41.0,70.0,Soldier Field
4859,2017_06_PHI_CAR,2017,REG,6,2017-10-12,Thursday,20:25,PHI,28.0,CAR,23.0,-5.0,51.0,44.0,72.0,Bank of America Stadium
4860,2017_06_MIA_ATL,2017,REG,6,2017-10-15,Sunday,13:00,MIA,20.0,ATL,17.0,-3.0,37.0,46.0,,Mercedes-Benz Stadium
4861,2017_06_CHI_BAL,2017,REG,6,2017-10-15,Sunday,13:00,CHI,27.0,BAL,24.0,-3.0,51.0,39.5,69.0,M&T Bank Stadium
4862,2017_06_CLE_HOU,2017,REG,6,2017-10-15,Sunday,13:00,CLE,17.0,HOU,33.0,16.0,50.0,46.0,,NRG Stadium
4863,2017_06_GB_MIN,2017,REG,6,2017-10-15,Sunday,13:00,GB,10.0,MIN,23.0,13.0,33.0,46.0,,U.S. Bank Stadium
4864,2017_06_DET_NO,2017,REG,6,2017-10-15,Sunday,13:00,DET,38.0,NO,52.0,14.0,90.0,50.5,,Mercedes-Benz Superdome
4865,2017_06_NE_NYJ,2017,REG,6,2017-10-15,Sunday,13:00,NE,24.0,NYJ,17.0,-7.0,41.0,48.5,73.0,MetLife Stadium
4866,2017_06_SF_WAS,2017,REG,6,2017-10-15,Sunday,13:00,SF,24.0,WAS,26.0,2.0,50.0,46.0,68.0,FedExField
4867,2017_06_TB_ARI,2017,REG,6,2017-10-15,Sunday,16:05,TB,33.0,ARI,38.0,5.0,71.0,46.5,,University of Phoenix Stadium
4868,2017_06_LA_JAX,2017,REG,6,2017-10-15,Sunday,16:05,LA,27.0,JAX,17.0,-10.0,44.0,42.0,88.0,EverBank Field
4869,2017_06_PIT_KC,2017,REG,6,2017-10-15,Sunday,16:25,PIT,19.0,KC,13.0,-6.0,32.0,46.5,60.0,Arrowhead Stadium
4870,2017_06_LAC_OAK,2017,REG,6,2017-10-15,Sunday,16:25,LAC,17.0,OAK,16.0,-1.0,33.0,48.5,76.0,Oakland-Alameda County Coliseum
4871,2017_06_NYG_DEN,2017,REG,6,2017-10-15,Sunday,20:30,NYG,23.0,DEN,10.0,-13.0,33.0,37.5,61.0,Sports Authority Field at Mile High
4872,2017_06_IND_TEN,2017,REG,6,2017-10-16,Monday,20:30,IND,22.0,TEN,36.0,14.0,58.0,46.0,57.0,Nissan Stadium
4873,2017_07_KC_OAK,2017,REG,7,2017-10-19,Thursday,20:25,KC,30.0,OAK,31.0,1.0,61.0,46.5,62.0,Oakland-Alameda County Coliseum
4874,2017_07_TB_BUF,2017,REG,7,2017-10-22,Sunday,13:00,TB,27.0,BUF,30.0,3.0,57.0,46.5,74.0,New Era Field
4875,2017_07_CAR_CHI,2017,REG,7,2017-10-22,Sunday,13:00,CAR,3.0,CHI,17.0,14.0,20.0,39.5,70.0,Soldier Field
4876,2017_07_TEN_CLE,2017,REG,7,2017-10-22,Sunday,13:00,TEN,12.0,CLE,9.0,-3.0,21.0,42.5,74.0,FirstEnergy Stadium
4877,2017_07_NO_GB,2017,REG,7,2017-10-22,Sunday,13:00,NO,26.0,GB,17.0,-9.0,43.0,45.5,52.0,Lambeau Field
4878,2017_07_JAX_IND,2017,REG,7,2017-10-22,Sunday,13:00,JAX,27.0,IND,0.0,-27.0,27.0,41.0,,Lucas Oil Stadium
4879,2017_07_ARI_LA,2017,REG,7,2017-10-22,Sunday,13:00,ARI,0.0,LA,33.0,33.0,33.0,45.5,54.0,Twickenham Stadium
4880,2017_07_NYJ_MIA,2017,REG,7,2017-10-22,Sunday,13:00,NYJ,28.0,MIA,31.0,3.0,59.0,40.0,86.0,Hard Rock Stadium
4881,2017_07_BAL_MIN,2017,REG,7,2017-10-22,Sunday,13:00,BAL,16.0,MIN,24.0,8.0,40.0,37.5,,U.S. Bank Stadium
4882,2017_07_DAL_SF,2017,REG,7,2017-10-22,Sunday,16:05,DAL,40.0,SF,10.0,-30.0,50.0,48.0,68.0,Levi's Stadium
4883,2017_07_DEN_LAC,2017,REG,7,2017-10-22,Sunday,16:25,DEN,0.0,LAC,21.0,21.0,21.0,41.0,90.0,StubHub Center
4884,2017_07_SEA_NYG,2017,REG,7,2017-10-22,Sunday,16:25,SEA,24.0,NYG,7.0,-17.0,31.0,39.0,75.0,MetLife Stadium
4885,2017_07_CIN_PIT,2017,REG,7,2017-10-22,Sunday,16:25,CIN,14.0,PIT,29.0,15.0,43.0,40.0,79.0,Heinz Field
4886,2017_07_ATL_NE,2017,REG,7,2017-10-22,Sunday,20:30,ATL,7.0,NE,23.0,16.0,30.0,56.5,56.0,Gillette Stadium
4887,2017_07_WAS_PHI,2017,REG,7,2017-10-23,Monday,20:30,WAS,24.0,PHI,34.0,10.0,58.0,48.5,70.0,Lincoln Financial Field
4888,2017_08_MIA_BAL,2017,REG,8,2017-10-26,Thursday,20:25,MIA,0.0,BAL,40.0,40.0,40.0,38.0,56.0,M&T Bank Stadium
4889,2017_08_OAK_BUF,2017,REG,8,2017-10-29,Sunday,13:00,OAK,14.0,BUF,34.0,20.0,48.0,47.0,42.0,New Era Field
4890,2017_08_IND_CIN,2017,REG,8,2017-10-29,Sunday,13:00,IND,23.0,CIN,24.0,1.0,47.0,44.0,39.0,Paul Brown Stadium
4891,2017_08_LAC_NE,2017,REG,8,2017-10-29,Sunday,13:00,LAC,13.0,NE,21.0,8.0,34.0,49.5,62.0,Gillette Stadium
4892,2017_08_CHI_NO,2017,REG,8,2017-10-29,Sunday,13:00,CHI,12.0,NO,20.0,8.0,32.0,46.0,,Mercedes-Benz Superdome
4893,2017_08_ATL_NYJ,2017,REG,8,2017-10-29,Sunday,13:00,ATL,25.0,NYJ,20.0,-5.0,45.0,43.5,63.0,MetLife Stadium
4894,2017_08_SF_PHI,2017,REG,8,2017-10-29,Sunday,13:00,SF,10.0,PHI,33.0,23.0,43.0,45.0,67.0,Lincoln Financial Field
4895,2017_08_CAR_TB,2017,REG,8,2017-10-29,Sunday,13:00,CAR,17.0,TB,3.0,-14.0,20.0,46.0,63.0,Raymond James Stadium
4896,2017_08_HOU_SEA,2017,REG,8,2017-10-29,Sunday,16:05,HOU,38.0,SEA,41.0,3.0,79.0,45.0,50.0,CenturyLink Field
4897,2017_08_DAL_WAS,2017,REG,8,2017-10-29,Sunday,16:25,DAL,33.0,WAS,19.0,-14.0,52.0,46.5,60.0,FedExField
4898,2017_08_PIT_DET,2017,REG,8,2017-10-29,Sunday,20:30,PIT,20.0,DET,15.0,-5.0,35.0,44.5,,Ford Field
4899,2017_08_MIN_CLE,2017,REG,8,2017-10-29,Sunday,21:30,MIN,33.0,CLE,16.0,-17.0,49.0,38.5,56.0,Twickenham Stadium
4900,2017_08_DEN_KC,2017,REG,8,2017-10-30,Monday,20:30,DEN,19.0,KC,29.0,10.0,48.0,42.0,44.0,Arrowhead Stadium
4901,2017_09_BUF_NYJ,2017,REG,9,2017-11-02,Thursday,20:25,BUF,21.0,NYJ,34.0,13.0,55.0,42.0,68.0,MetLife Stadium
4902,2017_09_ATL_CAR,2017,REG,9,2017-11-05,Sunday,13:00,ATL,17.0,CAR,20.0,3.0,37.0,42.0,61.0,Bank of America Stadium
4903,2017_09_IND_HOU,2017,REG,9,2017-11-05,Sunday,13:00,IND,20.0,HOU,14.0,-6.0,34.0,45.0,,NRG Stadium
4904,2017_09_CIN_JAX,2017,REG,9,2017-11-05,Sunday,13:00,CIN,7.0,JAX,23.0,16.0,30.0,38.0,78.0,EverBank Field
4905,2017_09_TB_NO,2017,REG,9,2017-11-05,Sunday,13:00,TB,10.0,NO,30.0,20.0,40.0,54.0,,Mercedes-Benz Superdome
4906,2017_09_LA_NYG,2017,REG,9,2017-11-05,Sunday,13:00,LA,51.0,NYG,17.0,-34.0,68.0,42.5,56.0,MetLife Stadium
4907,2017_09_DEN_PHI,2017,REG,9,2017-11-05,Sunday,13:00,DEN,23.0,PHI,51.0,28.0,74.0,41.0,61.0,Lincoln Financial Field
4908,2017_09_BAL_TEN,2017,REG,9,2017-11-05,Sunday,13:00,BAL,20.0,TEN,23.0,3.0,43.0,41.0,75.0,Nissan Stadium
4909,2017_09_WAS_SEA,2017,REG,9,2017-11-05,Sunday,16:05,WAS,17.0,SEA,14.0,-3.0,31.0,44.5,36.0,CenturyLink Field
4910,2017_09_ARI_SF,2017,REG,9,2017-11-05,Sunday,16:05,ARI,20.0,SF,10.0,-10.0,30.0,39.0,61.0,Levi's Stadium
4911,2017_09_KC_DAL,2017,REG,9,2017-11-05,Sunday,16:25,KC,17.0,DAL,28.0,11.0,45.0,53.0,,AT&T Stadium
4912,2017_09_OAK_MIA,2017,REG,9,2017-11-05,Sunday,20:30,OAK,27.0,MIA,24.0,-3.0,51.0,44.5,77.0,Hard Rock Stadium
4913,2017_09_DET_GB,2017,REG,9,2017-11-06,Monday,20:30,DET,30.0,GB,17.0,-13.0,47.0,42.5,35.0,Lambeau Field
4914,2017_10_SEA_ARI,2017,REG,10,2017-11-09,Thursday,20:25,SEA,22.0,ARI,16.0,-6.0,38.0,40.0,,University of Phoenix Stadium
4915,2017_10_NO_BUF,2017,REG,10,2017-11-12,Sunday,13:00,NO,47.0,BUF,10.0,-37.0,57.0,48.5,42.0,New Era Field
4916,2017_10_GB_CHI,2017,REG,10,2017-11-12,Sunday,13:00,GB,23.0,CHI,16.0,-7.0,39.0,37.5,40.0,Soldier Field
4917,2017_10_CLE_DET,2017,REG,10,2017-11-12,Sunday,13:00,CLE,24.0,DET,38.0,14.0,62.0,42.5,,Ford Field
4918,2017_10_PIT_IND,2017,REG,10,2017-11-12,Sunday,13:00,PIT,20.0,IND,17.0,-3.0,37.0,47.0,,Lucas Oil Stadium
4919,2017_10_LAC_JAX,2017,REG,10,2017-11-12,Sunday,13:00,LAC,17.0,JAX,20.0,3.0,37.0,40.5,76.0,EverBank Field
4920,2017_10_NYJ_TB,2017,REG,10,2017-11-12,Sunday,13:00,NYJ,10.0,TB,15.0,5.0,25.0,44.5,79.0,Raymond James Stadium
4921,2017_10_CIN_TEN,2017,REG,10,2017-11-12,Sunday,13:00,CIN,20.0,TEN,24.0,4.0,44.0,40.5,53.0,Nissan Stadium
4922,2017_10_MIN_WAS,2017,REG,10,2017-11-12,Sunday,13:00,MIN,38.0,WAS,30.0,-8.0,68.0,43.0,44.0,FedExField
4923,2017_10_HOU_LA,2017,REG,10,2017-11-12,Sunday,16:05,HOU,7.0,LA,33.0,26.0,40.0,45.0,68.0,Los Angeles Memorial Coliseum
4924,2017_10_DAL_ATL,2017,REG,10,2017-11-12,Sunday,16:25,DAL,7.0,ATL,27.0,20.0,34.0,49.0,,Mercedes-Benz Stadium
4925,2017_10_NYG_SF,2017,REG,10,2017-11-12,Sunday,16:25,NYG,21.0,SF,31.0,10.0,52.0,41.5,68.0,Levi's Stadium
4926,2017_10_NE_DEN,2017,REG,10,2017-11-12,Sunday,20:30,NE,41.0,DEN,16.0,-25.0,57.0,45.0,48.0,Sports Authority Field at Mile High
4927,2017_10_MIA_CAR,2017,REG,10,2017-11-13,Monday,20:30,MIA,21.0,CAR,45.0,24.0,66.0,38.5,49.0,Bank of America Stadium
4928,2017_11_TEN_PIT,2017,REG,11,2017-11-16,Thursday,20:25,TEN,17.0,PIT,40.0,23.0,57.0,44.5,40.0,Heinz Field
4929,2017_11_DET_CHI,2017,REG,11,2017-11-19,Sunday,13:00,DET,27.0,CHI,24.0,-3.0,51.0,41.0,33.0,Soldier Field
4930,2017_11_JAX_CLE,2017,REG,11,2017-11-19,Sunday,13:00,JAX,19.0,CLE,7.0,-12.0,26.0,37.0,38.0,FirstEnergy Stadium
4931,2017_11_BAL_GB,2017,REG,11,2017-11-19,Sunday,13:00,BAL,23.0,GB,0.0,-23.0,23.0,38.5,28.0,Lambeau Field
4932,2017_11_ARI_HOU,2017,REG,11,2017-11-19,Sunday,13:00,ARI,21.0,HOU,31.0,10.0,52.0,38.0,,NRG Stadium
4933,2017_11_TB_MIA,2017,REG,11,2017-11-19,Sunday,13:00,TB,30.0,MIA,20.0,-10.0,50.0,44.0,81.0,Hard Rock Stadium
4934,2017_11_LA_MIN,2017,REG,11,2017-11-19,Sunday,13:00,LA,7.0,MIN,24.0,17.0,31.0,46.0,,U.S. Bank Stadium
4935,2017_11_WAS_NO,2017,REG,11,2017-11-19,Sunday,13:00,WAS,31.0,NO,34.0,3.0,65.0,52.5,,Mercedes-Benz Superdome
4936,2017_11_KC_NYG,2017,REG,11,2017-11-19,Sunday,13:00,KC,9.0,NYG,12.0,3.0,21.0,44.5,50.0,MetLife Stadium
4937,2017_11_BUF_LAC,2017,REG,11,2017-11-19,Sunday,16:05,BUF,24.0,LAC,54.0,30.0,78.0,41.5,76.0,StubHub Center
4938,2017_11_CIN_DEN,2017,REG,11,2017-11-19,Sunday,16:25,CIN,20.0,DEN,17.0,-3.0,37.0,37.5,60.0,Sports Authority Field at Mile High
4939,2017_11_NE_OAK,2017,REG,11,2017-11-19,Sunday,16:25,NE,33.0,OAK,8.0,-25.0,41.0,55.0,66.0,Azteca Stadium
4940,2017_11_PHI_DAL,2017,REG,11,2017-11-19,Sunday,20:30,PHI,37.0,DAL,9.0,-28.0,46.0,48.0,,AT&T Stadium
4941,2017_11_ATL_SEA,2017,REG,11,2017-11-20,Monday,20:30,ATL,34.0,SEA,31.0,-3.0,65.0,46.0,45.0,CenturyLink Field
4942,2017_12_MIN_DET,2017,REG,12,2017-11-23,Thursday,12:30,MIN,30.0,DET,23.0,-7.0,53.0,46.0,,Ford Field
4943,2017_12_LAC_DAL,2017,REG,12,2017-11-23,Thursday,16:30,LAC,28.0,DAL,6.0,-22.0,34.0,46.5,,AT&T Stadium
4944,2017_12_NYG_WAS,2017,REG,12,2017-11-23,Thursday,20:30,NYG,10.0,WAS,20.0,10.0,30.0,44.0,33.0,FedExField
4945,2017_12_TB_ATL,2017,REG,12,2017-11-26,Sunday,13:00,TB,20.0,ATL,34.0,14.0,54.0,47.0,,Mercedes-Benz Stadium
4946,2017_12_CLE_CIN,2017,REG,12,2017-11-26,Sunday,13:00,CLE,16.0,CIN,30.0,14.0,46.0,39.0,46.0,Paul Brown Stadium
4947,2017_12_TEN_IND,2017,REG,12,2017-11-26,Sunday,13:00,TEN,20.0,IND,16.0,-4.0,36.0,46.5,,Lucas Oil Stadium
4948,2017_12_BUF_KC,2017,REG,12,2017-11-26,Sunday,13:00,BUF,16.0,KC,10.0,-6.0,26.0,47.5,62.0,Arrowhead Stadium
4949,2017_12_MIA_NE,2017,REG,12,2017-11-26,Sunday,13:00,MIA,17.0,NE,35.0,18.0,52.0,49.0,47.0,Gillette Stadium
4950,2017_12_CAR_NYJ,2017,REG,12,2017-11-26,Sunday,13:00,CAR,35.0,NYJ,27.0,-8.0,62.0,39.5,47.0,MetLife Stadium
4951,2017_12_CHI_PHI,2017,REG,12,2017-11-26,Sunday,13:00,CHI,3.0,PHI,31.0,28.0,34.0,43.5,49.0,Lincoln Financial Field
4952,2017_12_SEA_SF,2017,REG,12,2017-11-26,Sunday,16:05,SEA,24.0,SF,13.0,-11.0,37.0,45.0,66.0,Levi's Stadium
4953,2017_12_JAX_ARI,2017,REG,12,2017-11-26,Sunday,16:25,JAX,24.0,ARI,27.0,3.0,51.0,37.5,,University of Phoenix Stadium
4954,2017_12_NO_LA,2017,REG,12,2017-11-26,Sunday,16:25,NO,20.0,LA,26.0,6.0,46.0,54.0,72.0,Los Angeles Memorial Coliseum
4955,2017_12_DEN_OAK,2017,REG,12,2017-11-26,Sunday,16:25,DEN,14.0,OAK,21.0,7.0,35.0,41.0,61.0,Oakland-Alameda County Coliseum
4956,2017_12_GB_PIT,2017,REG,12,2017-11-26,Sunday,20:30,GB,28.0,PIT,31.0,3.0,59.0,43.0,38.0,Heinz Field
4957,2017_12_HOU_BAL,2017,REG,12,2017-11-27,Monday,20:30,HOU,16.0,BAL,23.0,7.0,39.0,39.5,50.0,M&T Bank Stadium
4958,2017_13_WAS_DAL,2017,REG,13,2017-11-30,Thursday,20:25,WAS,14.0,DAL,38.0,24.0,52.0,47.0,,AT&T Stadium
4959,2017_13_MIN_ATL,2017,REG,13,2017-12-03,Sunday,13:00,MIN,14.0,ATL,9.0,-5.0,23.0,48.5,,Mercedes-Benz Stadium
4960,2017_13_DET_BAL,2017,REG,13,2017-12-03,Sunday,13:00,DET,20.0,BAL,44.0,24.0,64.0,43.0,53.0,M&T Bank Stadium
4961,2017_13_NE_BUF,2017,REG,13,2017-12-03,Sunday,13:00,NE,23.0,BUF,3.0,-20.0,26.0,48.5,48.0,New Era Field
4962,2017_13_SF_CHI,2017,REG,13,2017-12-03,Sunday,13:00,SF,15.0,CHI,14.0,-1.0,29.0,42.0,54.0,Soldier Field
4963,2017_13_TB_GB,2017,REG,13,2017-12-03,Sunday,13:00,TB,20.0,GB,26.0,6.0,46.0,45.0,42.0,Lambeau Field
4964,2017_13_IND_JAX,2017,REG,13,2017-12-03,Sunday,13:00,IND,10.0,JAX,30.0,20.0,40.0,41.0,70.0,EverBank Field
4965,2017_13_DEN_MIA,2017,REG,13,2017-12-03,Sunday,13:00,DEN,9.0,MIA,35.0,26.0,44.0,41.0,80.0,Hard Rock Stadium
4966,2017_13_KC_NYJ,2017,REG,13,2017-12-03,Sunday,13:00,KC,31.0,NYJ,38.0,7.0,69.0,44.0,48.0,MetLife Stadium
4967,2017_13_HOU_TEN,2017,REG,13,2017-12-03,Sunday,13:00,HOU,13.0,TEN,24.0,11.0,37.0,42.5,60.0,Nissan Stadium
4968,2017_13_CLE_LAC,2017,REG,13,2017-12-03,Sunday,16:05,CLE,10.0,LAC,19.0,9.0,29.0,45.0,68.0,StubHub Center
4969,2017_13_LA_ARI,2017,REG,13,2017-12-03,Sunday,16:25,LA,32.0,ARI,16.0,-16.0,48.0,43.0,,University of Phoenix Stadium
4970,2017_13_CAR_NO,2017,REG,13,2017-12-03,Sunday,16:25,CAR,21.0,NO,31.0,10.0,52.0,48.0,,Mercedes-Benz Superdome
4971,2017_13_NYG_OAK,2017,REG,13,2017-12-03,Sunday,16:25,NYG,17.0,OAK,24.0,7.0,41.0,43.0,58.0,Oakland-Alameda County Coliseum
4972,2017_13_PHI_SEA,2017,REG,13,2017-12-03,Sunday,20:30,PHI,10.0,SEA,24.0,14.0,34.0,46.5,44.0,CenturyLink Field
4973,2017_13_PIT_CIN,2017,REG,13,2017-12-04,Monday,20:30,PIT,23.0,CIN,20.0,-3.0,43.0,42.5,61.0,Paul Brown Stadium
4974,2017_14_NO_ATL,2017,REG,14,2017-12-07,Thursday,20:25,NO,17.0,ATL,20.0,3.0,37.0,51.5,,Mercedes-Benz Stadium
4975,2017_14_IND_BUF,2017,REG,14,2017-12-10,Sunday,13:00,IND,7.0,BUF,13.0,6.0,20.0,36.5,32.0,New Era Field
4976,2017_14_MIN_CAR,2017,REG,14,2017-12-10,Sunday,13:00,MIN,24.0,CAR,31.0,7.0,55.0,40.5,41.0,Bank of America Stadium
4977,2017_14_CHI_CIN,2017,REG,14,2017-12-10,Sunday,13:00,CHI,33.0,CIN,7.0,-26.0,40.0,40.5,31.0,Paul Brown Stadium
4978,2017_14_GB_CLE,2017,REG,14,2017-12-10,Sunday,13:00,GB,27.0,CLE,21.0,-6.0,48.0,38.5,29.0,FirstEnergy Stadium
4979,2017_14_SF_HOU,2017,REG,14,2017-12-10,Sunday,13:00,SF,26.0,HOU,16.0,-10.0,42.0,45.5,,NRG Stadium
4980,2017_14_OAK_KC,2017,REG,14,2017-12-10,Sunday,13:00,OAK,15.0,KC,26.0,11.0,41.0,48.5,46.0,Arrowhead Stadium
4981,2017_14_DAL_NYG,2017,REG,14,2017-12-10,Sunday,13:00,DAL,30.0,NYG,10.0,-20.0,40.0,42.0,39.0,MetLife Stadium
4982,2017_14_DET_TB,2017,REG,14,2017-12-10,Sunday,13:00,DET,24.0,TB,21.0,-3.0,45.0,47.5,55.0,Raymond James Stadium
4983,2017_14_TEN_ARI,2017,REG,14,2017-12-10,Sunday,16:05,TEN,7.0,ARI,12.0,5.0,19.0,42.0,,University of Phoenix Stadium
4984,2017_14_NYJ_DEN,2017,REG,14,2017-12-10,Sunday,16:05,NYJ,0.0,DEN,23.0,23.0,23.0,40.5,60.0,Sports Authority Field at Mile High
4985,2017_14_WAS_LAC,2017,REG,14,2017-12-10,Sunday,16:05,WAS,13.0,LAC,30.0,17.0,43.0,46.5,81.0,StubHub Center
4986,2017_14_SEA_JAX,2017,REG,14,2017-12-10,Sunday,16:25,SEA,24.0,JAX,30.0,6.0,54.0,41.0,,EverBank Field
4987,2017_14_PHI_LA,2017,REG,14,2017-12-10,Sunday,16:25,PHI,43.0,LA,35.0,-8.0,78.0,47.5,83.0,Los Angeles Memorial Coliseum
4988,2017_14_BAL_PIT,2017,REG,14,2017-12-10,Sunday,20:30,BAL,38.0,PIT,39.0,1.0,77.0,43.0,33.0,Heinz Field
4989,2017_14_NE_MIA,2017,REG,14,2017-12-11,Monday,20:30,NE,20.0,MIA,27.0,7.0,47.0,48.0,55.0,Hard Rock Stadium
4990,2017_15_DEN_IND,2017,REG,15,2017-12-14,Thursday,20:25,DEN,25.0,IND,13.0,-12.0,38.0,40.5,,Lucas Oil Stadium
4991,2017_15_CHI_DET,2017,REG,15,2017-12-16,Saturday,16:30,CHI,10.0,DET,20.0,10.0,30.0,43.5,,Ford Field
4992,2017_15_LAC_KC,2017,REG,15,2017-12-16,Saturday,20:25,LAC,13.0,KC,30.0,17.0,43.0,47.0,53.0,Arrowhead Stadium
4993,2017_15_MIA_BUF,2017,REG,15,2017-12-17,Sunday,13:00,MIA,16.0,BUF,24.0,8.0,40.0,39.5,22.0,New Era Field
4994,2017_15_GB_CAR,2017,REG,15,2017-12-17,Sunday,13:00,GB,24.0,CAR,31.0,7.0,55.0,46.5,51.0,Bank of America Stadium
4995,2017_15_BAL_CLE,2017,REG,15,2017-12-17,Sunday,13:00,BAL,27.0,CLE,10.0,-17.0,37.0,42.0,36.0,FirstEnergy Stadium
4996,2017_15_HOU_JAX,2017,REG,15,2017-12-17,Sunday,13:00,HOU,7.0,JAX,45.0,38.0,52.0,39.0,72.0,EverBank Field
4997,2017_15_CIN_MIN,2017,REG,15,2017-12-17,Sunday,13:00,CIN,7.0,MIN,34.0,27.0,41.0,42.5,,U.S. Bank Stadium
4998,2017_15_NYJ_NO,2017,REG,15,2017-12-17,Sunday,13:00,NYJ,19.0,NO,31.0,12.0,50.0,47.0,,Mercedes-Benz Superdome
4999,2017_15_PHI_NYG,2017,REG,15,2017-12-17,Sunday,13:00,PHI,34.0,NYG,29.0,-5.0,63.0,40.5,35.0,MetLife Stadium
5000,2017_15_ARI_WAS,2017,REG,15,2017-12-17,Sunday,13:00,ARI,15.0,WAS,20.0,5.0,35.0,40.0,50.0,FedExField
5001,2017_15_LA_SEA,2017,REG,15,2017-12-17,Sunday,16:05,LA,42.0,SEA,7.0,-35.0,49.0,47.5,47.0,CenturyLink Field
5002,2017_15_NE_PIT,2017,REG,15,2017-12-17,Sunday,16:25,NE,27.0,PIT,24.0,-3.0,51.0,53.0,42.0,Heinz Field
5003,2017_15_TEN_SF,2017,REG,15,2017-12-17,Sunday,16:25,TEN,23.0,SF,25.0,2.0,48.0,44.5,65.0,Levi's Stadium
5004,2017_15_DAL_OAK,2017,REG,15,2017-12-17,Sunday,20:30,DAL,20.0,OAK,17.0,-3.0,37.0,46.0,57.0,Oakland-Alameda County Coliseum
5005,2017_15_ATL_TB,2017,REG,15,2017-12-18,Monday,20:30,ATL,24.0,TB,21.0,-3.0,45.0,49.5,71.0,Raymond James Stadium
5006,2017_16_IND_BAL,2017,REG,16,2017-12-23,Saturday,16:30,IND,16.0,BAL,23.0,7.0,39.0,41.0,63.0,M&T Bank Stadium
5007,2017_16_MIN_GB,2017,REG,16,2017-12-23,Saturday,20:30,MIN,16.0,GB,0.0,-16.0,16.0,41.0,10.0,Lambeau Field
5008,2017_16_TB_CAR,2017,REG,16,2017-12-24,Sunday,13:00,TB,19.0,CAR,22.0,3.0,41.0,46.5,55.0,Bank of America Stadium
5009,2017_16_CLE_CHI,2017,REG,16,2017-12-24,Sunday,13:00,CLE,3.0,CHI,20.0,17.0,23.0,37.0,24.0,Soldier Field
5010,2017_16_DET_CIN,2017,REG,16,2017-12-24,Sunday,13:00,DET,17.0,CIN,26.0,9.0,43.0,43.5,35.0,Paul Brown Stadium
5011,2017_16_MIA_KC,2017,REG,16,2017-12-24,Sunday,13:00,MIA,13.0,KC,29.0,16.0,42.0,43.5,23.0,Arrowhead Stadium
5012,2017_16_BUF_NE,2017,REG,16,2017-12-24,Sunday,13:00,BUF,16.0,NE,37.0,21.0,53.0,47.5,35.0,Gillette Stadium
5013,2017_16_ATL_NO,2017,REG,16,2017-12-24,Sunday,13:00,ATL,13.0,NO,23.0,10.0,36.0,52.0,,Mercedes-Benz Superdome
5014,2017_16_LAC_NYJ,2017,REG,16,2017-12-24,Sunday,13:00,LAC,14.0,NYJ,7.0,-7.0,21.0,42.5,40.0,MetLife Stadium
5015,2017_16_LA_TEN,2017,REG,16,2017-12-24,Sunday,13:00,LA,27.0,TEN,23.0,-4.0,50.0,46.0,39.0,Nissan Stadium
5016,2017_16_DEN_WAS,2017,REG,16,2017-12-24,Sunday,13:00,DEN,11.0,WAS,27.0,16.0,38.0,39.5,43.0,FedExField
5017,2017_16_JAX_SF,2017,REG,16,2017-12-24,Sunday,16:05,JAX,33.0,SF,44.0,11.0,77.0,43.0,52.0,Levi's Stadium
5018,2017_16_NYG_ARI,2017,REG,16,2017-12-24,Sunday,16:25,NYG,0.0,ARI,23.0,23.0,23.0,39.0,,University of Phoenix Stadium
5019,2017_16_SEA_DAL,2017,REG,16,2017-12-24,Sunday,16:25,SEA,21.0,DAL,12.0,-9.0,33.0,47.0,,AT&T Stadium
5020,2017_16_PIT_HOU,2017,REG,16,2017-12-25,Monday,16:30,PIT,34.0,HOU,6.0,-28.0,40.0,45.5,,NRG Stadium
5021,2017_16_OAK_PHI,2017,REG,16,2017-12-25,Monday,20:30,OAK,10.0,PHI,19.0,9.0,29.0,46.0,29.0,Lincoln Financial Field
5022,2017_17_GB_DET,2017,REG,17,2017-12-31,Sunday,13:00,GB,11.0,DET,35.0,24.0,46.0,45.0,,Ford Field
5023,2017_17_HOU_IND,2017,REG,17,2017-12-31,Sunday,13:00,HOU,13.0,IND,22.0,9.0,35.0,42.0,,Lucas Oil Stadium
5024,2017_17_CHI_MIN,2017,REG,17,2017-12-31,Sunday,13:00,CHI,10.0,MIN,23.0,13.0,33.0,38.0,,U.S. Bank Stadium
5025,2017_17_NYJ_NE,2017,REG,17,2017-12-31,Sunday,13:00,NYJ,6.0,NE,26.0,20.0,32.0,43.5,13.0,Gillette Stadium
5026,2017_17_WAS_NYG,2017,REG,17,2017-12-31,Sunday,13:00,WAS,10.0,NYG,18.0,8.0,28.0,41.0,16.0,MetLife Stadium
5027,2017_17_DAL_PHI,2017,REG,17,2017-12-31,Sunday,13:00,DAL,6.0,PHI,0.0,-6.0,6.0,41.0,19.0,Lincoln Financial Field
5028,2017_17_CLE_PIT,2017,REG,17,2017-12-31,Sunday,13:00,CLE,24.0,PIT,28.0,4.0,52.0,38.5,11.0,Heinz Field
5029,2017_17_CAR_ATL,2017,REG,17,2017-12-31,Sunday,16:25,CAR,10.0,ATL,22.0,12.0,32.0,44.5,,Mercedes-Benz Stadium
5030,2017_17_CIN_BAL,2017,REG,17,2017-12-31,Sunday,16:25,CIN,31.0,BAL,27.0,-4.0,58.0,40.0,19.0,M&T Bank Stadium
5031,2017_17_KC_DEN,2017,REG,17,2017-12-31,Sunday,16:25,KC,27.0,DEN,24.0,-3.0,51.0,37.5,17.0,Sports Authority Field at Mile High
5032,2017_17_SF_LA,2017,REG,17,2017-12-31,Sunday,16:25,SF,34.0,LA,13.0,-21.0,47.0,44.5,67.0,Los Angeles Memorial Coliseum
5033,2017_17_OAK_LAC,2017,REG,17,2017-12-31,Sunday,16:25,OAK,10.0,LAC,30.0,20.0,40.0,43.0,62.0,StubHub Center
5034,2017_17_BUF_MIA,2017,REG,17,2017-12-31,Sunday,16:25,BUF,22.0,MIA,16.0,-6.0,38.0,41.5,71.0,Hard Rock Stadium
5035,2017_17_ARI_SEA,2017,REG,17,2017-12-31,Sunday,16:25,ARI,26.0,SEA,24.0,-2.0,50.0,38.0,40.0,CenturyLink Field
5036,2017_17_NO_TB,2017,REG,17,2017-12-31,Sunday,16:25,NO,24.0,TB,31.0,7.0,55.0,49.0,71.0,Raymond James Stadium
5037,2017_17_JAX_TEN,2017,REG,17,2017-12-31,Sunday,16:25,JAX,10.0,TEN,15.0,5.0,25.0,40.0,23.0,Nissan Stadium
5038,2017_18_TEN_KC,2017,WC,18,2018-01-06,Saturday,16:36,TEN,22.0,KC,21.0,-1.0,43.0,44.0,33.0,Arrowhead Stadium
5039,2017_18_ATL_LA,2017,WC,18,2018-01-06,Saturday,20:15,ATL,26.0,LA,13.0,-13.0,39.0,48.0,62.0,Los Angeles Memorial Coliseum
5040,2017_18_BUF_JAX,2017,WC,18,2018-01-07,Sunday,13:05,BUF,3.0,JAX,10.0,7.0,13.0,39.5,53.0,EverBank Field
5041,2017_18_CAR_NO,2017,WC,18,2018-01-07,Sunday,16:40,CAR,26.0,NO,31.0,5.0,57.0,47.5,,Mercedes-Benz Superdome
5042,2017_19_ATL_PHI,2017,DIV,19,2018-01-13,Saturday,16:35,ATL,10.0,PHI,15.0,5.0,25.0,40.0,32.0,Lincoln Financial Field
5043,2017_19_TEN_NE,2017,DIV,19,2018-01-13,Saturday,20:15,TEN,14.0,NE,35.0,21.0,49.0,48.0,24.0,Gillette Stadium
5044,2017_19_JAX_PIT,2017,DIV,19,2018-01-14,Sunday,13:05,JAX,45.0,PIT,42.0,-3.0,87.0,40.5,18.0,Heinz Field
5045,2017_19_NO_MIN,2017,DIV,19,2018-01-14,Sunday,16:40,NO,24.0,MIN,29.0,5.0,53.0,47.0,,U.S. Bank Stadium
5046,2017_20_JAX_NE,2017,CON,20,2018-01-21,Sunday,15:05,JAX,20.0,NE,24.0,4.0,44.0,46.0,48.0,Gillette Stadium
5047,2017_20_MIN_PHI,2017,CON,20,2018-01-21,Sunday,18:41,MIN,7.0,PHI,38.0,31.0,45.0,39.0,47.0,Lincoln Financial Field
5048,2017_21_PHI_NE,2017,SB,21,2018-02-04,Sunday,18:31,PHI,41.0,NE,33.0,-8.0,74.0,48.5,,U.S. Bank Stadium
